-- phpMyAdmin SQL Dump
-- version 4.8.2
-- https://www.phpmyadmin.net/
--
-- Host: 127.0.0.1
-- Generation Time: 10-Jan-2019 às 19:16
-- Versão do servidor: 10.1.34-MariaDB
-- PHP Version: 7.2.7

SET SQL_MODE = "NO_AUTO_VALUE_ON_ZERO";
SET AUTOCOMMIT = 0;
START TRANSACTION;
SET time_zone = "+00:00";


/*!40101 SET @OLD_CHARACTER_SET_CLIENT=@@CHARACTER_SET_CLIENT */;
/*!40101 SET @OLD_CHARACTER_SET_RESULTS=@@CHARACTER_SET_RESULTS */;
/*!40101 SET @OLD_COLLATION_CONNECTION=@@COLLATION_CONNECTION */;
/*!40101 SET NAMES utf8mb4 */;

--
-- Database: `porqueaescs`
--

-- --------------------------------------------------------

--
-- Estrutura da tabela `answer_list`
--

CREATE TABLE `answer_list` (
  `answer_index` int(11) NOT NULL,
  `answer_id` varchar(20) NOT NULL,
  `answer_text` text NOT NULL,
  `question_id` varchar(2) NOT NULL
) ENGINE=InnoDB DEFAULT CHARSET=latin1;

--
-- Extraindo dados da tabela `answer_list`
--

INSERT INTO `answer_list` (`answer_index`, `answer_id`, `answer_text`, `question_id`) VALUES
(4, 'curso_1', 'Licenciatura AM', 'Q3'),
(13, 'curso_10', 'Pós-Graduação em Indústrias e Culturas Criativas: Gestão e Estratégias', 'Q3'),
(14, 'curso_11', 'Pós-Graduação em Storytelling', 'Q3'),
(5, 'curso_2', 'Licenciatura JORN', 'Q3'),
(6, 'curso_3', 'Licenciatura RPCE', 'Q3'),
(7, 'curso_4', 'Licenciatura PM', 'Q3'),
(8, 'curso_5', 'Mestrado AM', 'Q3'),
(9, 'curso_6', 'Mestrado JORN', 'Q3'),
(10, 'curso_7', 'Mestrado PM', 'Q3'),
(11, 'curso_8', 'Mestrado GERP', 'Q3'),
(12, 'curso_9', 'Pós-Graduação em Branding e Content Marketing', 'Q3'),
(21, 'escolha_curso_1', 'O curso tem saídas profissionais', 'Q5'),
(22, 'escolha_curso_2', 'Vocação, gosto pelas matérias', 'Q5'),
(23, 'escolha_curso_3', 'Boa empregabilidade dos diplomados', 'Q5'),
(24, 'escolha_curso_4', 'O curso tem uma boa componente prática', 'Q5'),
(25, 'escolha_curso_5', 'Médias de entrada acessíveis', 'Q5'),
(26, 'escolha_curso_6', 'Sem média de entrada noutro curso', 'Q5'),
(27, 'escolha_curso_7', 'Nenhum dos anteriores', 'Q5'),
(15, 'escolha_escs_1', 'Localização', 'Q4'),
(16, 'escolha_escs_2', 'Prestígio', 'Q4'),
(17, 'escolha_escs_3', 'Custos mais reduzidos', 'Q4'),
(18, 'escolha_escs_4', 'Possibilidade de trabalhar e estudar', 'Q4'),
(19, 'escolha_escs_5', 'Qualidade da vida académica e convívio', 'Q4'),
(20, 'escolha_escs_6', 'Nenhum dos anteriores', 'Q4'),
(2, 'female', 'feminino', 'Q1'),
(3, 'idade', 'idade', 'Q2'),
(1, 'male', 'masculino', 'Q1'),
(28, 'qualidades_escs_1', 'Bons professores', 'Q6'),
(37, 'qualidades_escs_10', 'qualidade dos currículos dos cursos', 'Q6'),
(38, 'qualidades_escs_11', 'Atividade de investigação científica', 'Q6'),
(39, 'qualidades_escs_12', 'Atividades extracurriculares', 'Q6'),
(40, 'qualidades_escs_13', 'Boa organização geral', 'Q6'),
(41, 'qualidades_escs_14', 'Estruturas de desporto e lazer', 'Q6'),
(42, 'qualidades_escs_15', 'Zona de refeições', 'Q6'),
(43, 'qualidades_escs_16', 'Serviços médicos e sociais', 'Q6'),
(44, 'qualidades_escs_17', 'Apoio administrativo', 'Q6'),
(45, 'qualidades_escs_18', 'Apoio em ntercâmbios com o estrangeiro', 'Q6'),
(46, 'qualidades_escs_19', 'Uma boa associação de estudantes', 'Q6'),
(29, 'qualidades_escs_2', 'Prestígio do estabelecimento', 'Q6'),
(30, 'qualidades_escs_3', 'Boas infraestrururas (salas de aula e apoio didático)', 'Q6'),
(31, 'qualidades_escs_4', 'Boa biblioteca', 'Q6'),
(32, 'qualidades_escs_5', 'Bons meios informáticos', 'Q6'),
(33, 'qualidades_escs_6', 'Localização (facilidade de transporte)', 'Q6'),
(34, 'qualidades_escs_7', 'Garantia de saídas profissionais', 'Q6'),
(35, 'qualidades_escs_8', 'Médias de entrada elevadas', 'Q6'),
(36, 'qualidades_escs_9', 'Elevado sucesso escolar da instituição', 'Q6');

-- --------------------------------------------------------

--
-- Estrutura da tabela `form_records`
--

CREATE TABLE `form_records` (
  `record_index` int(11) NOT NULL,
  `user_id` int(11) NOT NULL,
  `Q1` varchar(20) DEFAULT NULL,
  `Q2` varchar(20) DEFAULT NULL,
  `Q3` varchar(20) DEFAULT NULL,
  `Q4` varchar(20) DEFAULT NULL,
  `Q5` varchar(20) DEFAULT NULL,
  `Q6` varchar(20) DEFAULT NULL
) ENGINE=InnoDB DEFAULT CHARSET=latin1;

--
-- Extraindo dados da tabela `form_records`
--

INSERT INTO `form_records` (`record_index`, `user_id`, `Q1`, `Q2`, `Q3`, `Q4`, `Q5`, `Q6`) VALUES
(2, 391159, 'masculino', '21', 'curso_1', '589855', '589855', '589855'),
(3, 178084, 'masculino', '20', 'curso_2', '980744', '980744', '980744'),
(4, 118542, 'feminino', '20', 'curso_2', '147590', '147590', '147590'),
(5, 665954, 'feminino', '20', 'curso_1', '810603', '810603', '810603'),
(6, 10383, 'masculino', '20', 'curso_1', '208437', '208437', '208437'),
(7, 44234, 'masculino', '19', 'curso_2', '456293', '456293', '456293'),
(8, 211680, 'masculino', '20', 'curso_1', '421637', '421637', '421637'),
(9, 332995, 'masculino', '22', 'curso_1', '396879', '396879', '396879'),
(10, 861545, 'masculino', '21', 'curso_1', '46719', '46719', '46719'),
(11, 107360, 'feminino', '22', 'curso_6', '75138', '75138', '75138'),
(12, 514808, 'masculino', '24', 'curso_7', '771986', '771986', '771986'),
(13, 584138, 'masculino', '18', 'curso_1', '501669', '501669', '501669'),
(14, 364154, 'masculino', '18', 'curso_1', '63189', '63189', '63189'),
(15, 11730, 'feminino', '22', 'curso_1', '317886', '317886', '317886'),
(16, 915152, 'feminino', '22', 'curso_2', '669730', '669730', '669730'),
(17, 278426, 'feminino', '22', 'curso_3', '465753', '465753', '465753'),
(18, 653487, 'feminino', '22', 'curso_1', '981520', '981520', '981520'),
(19, 396826, 'feminino', '20', 'curso_1', '916418', '916418', '916418'),
(20, 103945, 'feminino', '21', 'curso_4', '999852', '999852', '999852'),
(21, 249131, 'masculino', '30', 'curso_1', '712569', '712569', '712569'),
(22, 121341, 'feminino', '30', 'curso_2', '903450', '903450', '903450'),
(23, 813527, 'masculino', '27', 'curso_3', '525958', '525958', '525958'),
(24, 972019, 'masculino', '20', 'curso_1', '373505', '373505', '373505'),
(25, 449122, 'feminino', '20', 'curso_1', '849896', '849896', '849896'),
(26, 313402, 'masculino', '21', 'curso_3', '677310', '677310', '677310'),
(27, 50697, 'masculino', '38', 'curso_4', '715804', '715804', '715804'),
(28, 848245, 'feminino', '19', 'curso_3', '86400', '86400', '86400'),
(29, 54411, 'feminino', '18', 'curso_2', '110972', '110972', '110972'),
(30, 628833, 'feminino', '23', 'curso_2', '387011', '387011', '387011'),
(31, 318820, 'feminino', '21', 'curso_2', '955150', '955150', '955150'),
(32, 5993, 'feminino', '18', 'curso_2', '447842', '447842', '447842'),
(33, 269610, 'masculino', '20', 'curso_1', '959033', '959033', '959033'),
(34, 580178, 'masculino', '21', 'curso_1', '86347', '86347', '86347'),
(35, 608130, 'feminino', '19', 'curso_2', '317160', '317160', '317160'),
(36, 145787, 'feminino', '21', 'curso_4', '935208', '935208', '935208'),
(37, 104432, 'feminino', '26', 'curso_1', '679156', '679156', '679156'),
(38, 850929, 'feminino', '21', 'curso_1', '450953', '450953', '450953'),
(39, 605591, 'masculino', '24', 'curso_1', '998891', '998891', '998891'),
(40, 90764, 'feminino', '28', 'curso_2', '160862', '160862', '160862'),
(41, 571794, 'masculino', '20', 'curso_1', '823987', '823987', '823987'),
(42, 425710, 'feminino', '20', 'curso_3', '577087', '577087', '577087'),
(43, 280574, 'feminino', '23', 'curso_4', '55098', '55098', '55098'),
(44, 479274, 'feminino', '19', 'curso_1', '3005', '3005', '3005'),
(45, 218258, 'masculino', '19', 'curso_2', '499490', '499490', '499490'),
(46, 689471, 'feminino', '23', 'curso_8', '231203', '231203', '231203'),
(47, 106409, 'masculino', '21', 'curso_1', '161393', '161393', '161393'),
(48, 272471, 'feminino', '23', 'curso_2', '713554', '713554', '713554'),
(49, 922870, 'feminino', '23', 'curso_2', '322927', '322927', '322927'),
(50, 596208, 'feminino', '20', 'curso_3', '759405', '759405', '759405'),
(51, 861145, 'feminino', '22', 'curso_1', '58672', '58672', '58672'),
(52, 738949, 'masculino', '22', 'curso_1', '848111', '848111', '848111'),
(53, 999655, 'feminino', '22', 'curso_3', '931259', '931259', '931259'),
(54, 27372, 'feminino', '19', 'curso_3', '765557', '765557', '765557'),
(55, 213698, 'feminino', '23', 'curso_4', '922228', '922228', '922228'),
(56, 116414, 'feminino', '23', 'curso_4', '936518', '936518', '936518'),
(57, 407979, 'feminino', '19', 'curso_4', '975122', '975122', '975122'),
(58, 547462, 'masculino', '19', 'curso_1', '501228', '501228', '501228'),
(59, 129486, 'feminino', '24', 'curso_1', '127408', '127408', '127408'),
(60, 949721, 'feminino', '20', 'curso_3', '479524', '479524', '479524'),
(61, 966767, 'feminino', '27', 'curso_4', '50691', '50691', '50691'),
(62, 453092, 'masculino', '24', 'curso_2', '25672', '25672', '25672'),
(63, 258919, 'feminino', '23', 'curso_1', '400270', '400270', '400270'),
(64, 867736, 'feminino', '22', 'curso_2', '876562', '876562', '876562'),
(65, 724390, 'feminino', '21', 'curso_1', '933746', '933746', '933746'),
(66, 186017, 'feminino', '20', 'curso_1', '492642', '492642', '492642'),
(67, 470546, 'feminino', '22', 'curso_4', '141937', '141937', '141937'),
(68, 318879, 'feminino', '28', 'curso_2', '389328', '389328', '389328'),
(69, 482302, 'feminino', '21', 'curso_2', '486186', '486186', '486186'),
(70, 257243, 'feminino', '27', 'curso_1', '899041', '899041', '899041'),
(71, 186685, 'feminino', '18', 'curso_1', '883307', '883307', '883307'),
(72, 31571, 'feminino', '20', 'curso_3', '817386', '817386', '817386'),
(73, 802130, 'feminino', '24', 'curso_1', '702606', '702606', '702606'),
(74, 498821, 'feminino', '19', 'curso_3', '117019', '117019', '117019'),
(75, 134859, 'masculino', '29', 'curso_1', '428779', '428779', '428779'),
(76, 924713, 'feminino', '20', 'curso_2', '230433', '230433', '230433'),
(77, 689621, 'feminino', '19', 'curso_4', '675834', '675834', '675834'),
(78, 934751, 'feminino', '20', 'curso_4', '334052', '334052', '334052'),
(79, 859340, 'feminino', '22', 'curso_3', '338694', '338694', '338694'),
(80, 430533, 'feminino', '26', 'curso_2', '78801', '78801', '78801'),
(81, 61947, 'feminino', '18', 'curso_2', '762621', '762621', '762621'),
(82, 117792, 'feminino', '19', 'curso_4', '516300', '516300', '516300'),
(83, 534347, 'feminino', '18', 'curso_4', '140790', '140790', '140790'),
(84, 843169, 'feminino', '19', 'curso_3', '496057', '496057', '496057'),
(85, 430085, 'feminino', '22', 'curso_6', '822652', '822652', '822652'),
(86, 504412, 'feminino', '33', 'curso_1', '387876', '387876', '387876'),
(87, 127702, 'feminino', '22', 'curso_4', '866362', '866362', '866362'),
(88, 64886, 'masculino', '24', 'curso_1', '463086', '463086', '463086'),
(89, 621330, 'masculino', '20', 'curso_2', '970945', '970945', '970945'),
(90, 441826, 'feminino', '20', 'curso_3', '186411', '186411', '186411'),
(91, 305257, 'feminino', '18', 'curso_3', '954878', '954878', '954878'),
(92, 321524, 'feminino', '25', 'curso_4', '987325', '987325', '987325'),
(93, 384557, 'masculino', '23', 'curso_3', '617842', '617842', '617842'),
(94, 758854, 'feminino', '28', 'curso_4', '702757', '702757', '702757'),
(95, 880800, 'feminino', '19', 'curso_2', '309890', '309890', '309890'),
(96, 388945, 'feminino', '21', 'curso_2', '982832', '982832', '982832'),
(97, 638114, 'feminino', '22', 'curso_1', '942299', '942299', '942299'),
(98, 625823, 'masculino', '26', 'curso_4', '218652', '218652', '218652'),
(99, 178896, 'masculino', '20', 'curso_1', '224243', '224243', '224243'),
(100, 594786, 'feminino', '21', 'curso_1', '194798', '194798', '194798'),
(101, 813723, 'feminino', '21', 'curso_1', '549117', '549117', '549117'),
(102, 256337, 'feminino', '21', 'curso_1', '334401', '334401', '334401'),
(103, 15169, 'feminino', '18', 'curso_4', '126795', '126795', '126795'),
(104, 930838, 'feminino', '27', 'curso_1', '22608', '22608', '22608'),
(105, 588854, 'feminino', '21', 'curso_1', '766921', '766921', '766921'),
(106, 182404, 'feminino', '23', 'curso_4', '638314', '638314', '638314'),
(107, 750653, 'feminino', '23', 'curso_4', '370629', '370629', '370629'),
(108, 4228, 'feminino', '23', 'curso_4', '968564', '968564', '968564'),
(109, 513929, 'feminino', '23', 'curso_4', '218348', '218348', '218348'),
(110, 449473, 'feminino', '23', 'curso_4', '98970', '98970', '98970'),
(111, 179007, 'feminino', '23', 'curso_4', '475817', '475817', '475817'),
(112, 395922, 'feminino', '23', 'curso_4', '54140', '54140', '54140'),
(113, 167709, 'masculino', '25', 'curso_2', '357467', '357467', '357467'),
(114, 881688, 'feminino', '25', 'curso_1', '134617', '134617', '134617'),
(115, 479255, 'feminino', '21', 'curso_4', '495215', '495215', '495215'),
(116, 91060, 'masculino', '30', 'curso_1', '698109', '698109', '698109'),
(117, 585394, 'feminino', '23', 'curso_2', '924587', '924587', '924587'),
(118, 391075, 'feminino', '20', 'curso_4', '808259', '808259', '808259'),
(119, 388303, 'feminino', '18', 'curso_1', '93176', '93176', '93176'),
(120, 577973, 'feminino', '18', 'curso_1', '679080', '679080', '679080'),
(121, 129822, 'feminino', '21', 'curso_1', '924751', '924751', '924751'),
(122, 264725, 'masculino', '24', 'curso_8', '955495', '955495', '955495'),
(123, 585004, 'feminino', '24', 'curso_3', '135468', '135468', '135468'),
(124, 204737, 'feminino', '25', 'curso_7', '935943', '935943', '935943'),
(125, 231994, 'masculino', '18', 'curso_2', '710920', '710920', '710920'),
(126, 759487, 'feminino', '22', 'curso_2', '615722', '615722', '615722'),
(127, 279578, 'masculino', '26', 'curso_6', '75575', '75575', '75575'),
(128, 667284, 'feminino', '22', 'curso_3', '934858', '934858', '934858'),
(129, 989019, 'feminino', '22', 'curso_5', '162819', '162819', '162819'),
(130, 723402, 'masculino', '30', 'curso_4', '109174', '109174', '109174'),
(131, 743503, 'feminino', '21', 'curso_4', '637703', '637703', '637703'),
(132, 786403, 'feminino', '22', 'curso_1', '981537', '981537', '981537'),
(133, 188174, 'feminino', '23', 'curso_4', '418077', '418077', '418077'),
(134, 953887, 'feminino', '25', 'curso_1', '921574', '921574', '921574'),
(135, 647488, 'feminino', '22', 'curso_7', '10770', '10770', '10770'),
(136, 738711, 'feminino', '21', 'curso_6', '899572', '899572', '899572'),
(137, 255855, 'feminino', '17', 'curso_3', '96883', '96883', '96883'),
(138, 190300, 'masculino', '36', 'curso_5', '223576', '223576', '223576'),
(139, 771879, 'feminino', '21', 'curso_1', '67309', '67309', '67309'),
(140, 862534, 'feminino', '21', 'curso_1', '638277', '638277', '638277'),
(141, 299529, 'masculino', '24', 'curso_2', '406813', '406813', '406813'),
(142, 838478, 'feminino', '20', 'curso_4', '286134', '286134', '286134'),
(143, 237144, 'feminino', '24', 'curso_1', '446296', '446296', '446296'),
(144, 521121, 'masculino', '20', 'curso_4', '487648', '487648', '487648'),
(145, 790955, 'feminino', '18', 'curso_4', '163813', '163813', '163813'),
(146, 211883, 'feminino', '27', 'curso_4', '334596', '334596', '334596'),
(147, 108360, 'feminino', '19', 'curso_3', '582372', '582372', '582372'),
(148, 588855, 'feminino', '19', 'curso_3', '544810', '544810', '544810'),
(149, 340892, 'feminino', '20', 'curso_3', '326315', '326315', '326315'),
(150, 74299, 'feminino', '20', 'curso_2', '950930', '950930', '950930'),
(151, 142000, 'masculino', '20', 'curso_2', '840895', '840895', '840895'),
(152, 389232, 'feminino', '26', 'curso_1', '828228', '828228', '828228'),
(153, 987379, 'feminino', '20', 'curso_4', '977863', '977863', '977863'),
(154, 816766, 'masculino', '20', 'curso_2', '26284', '26284', '26284'),
(155, 669742, 'feminino', '23', 'curso_9', '734632', '734632', '734632'),
(156, 104730, 'feminino', '20', 'curso_1', '853961', '853961', '853961'),
(157, 636650, 'feminino', '22', 'curso_2', '919969', '919969', '919969'),
(158, 522509, 'feminino', '20', 'curso_2', '871634', '871634', '871634'),
(159, 451982, 'feminino', '26', 'curso_2', '744183', '744183', '744183'),
(160, 568495, 'feminino', '28', 'curso_1', '711951', '711951', '711951'),
(161, 510115, 'masculino', '22', 'curso_2', '113034', '113034', '113034'),
(162, 226346, 'feminino', '18', 'curso_3', '831753', '831753', '831753'),
(163, 720599, 'feminino', '20', 'curso_2', '809601', '809601', '809601'),
(164, 35124, 'feminino', '22', 'curso_3', '335398', '335398', '335398'),
(165, 19359, 'feminino', '21', 'curso_2', '5841', '5841', '5841'),
(166, 897127, 'masculino', '21', 'curso_1', '436954', '436954', '436954'),
(167, 866844, 'masculino', '21', 'curso_1', '17665', '17665', '17665'),
(168, 284474, 'feminino', '22', 'curso_2', '648014', '648014', '648014'),
(169, 665762, 'feminino', '24', 'curso_1', '814159', '814159', '814159'),
(170, 399724, 'feminino', '24', 'curso_9', '691981', '691981', '691981'),
(171, 290878, 'feminino', '23', 'curso_1', '364062', '364062', '364062'),
(172, 329369, 'feminino', '22 ', 'curso_1', '375999', '375999', '375999'),
(173, 423292, 'feminino', '19', 'curso_4', '503050', '503050', '503050'),
(174, 776756, 'feminino', '21', 'curso_3', '641937', '641937', '641937'),
(175, 475766, 'feminino', '23', 'curso_1', '952503', '952503', '952503'),
(176, 407381, 'feminino', '21', 'curso_1', '654700', '654700', '654700'),
(177, 351594, 'feminino', '51', 'curso_2', '529559', '529559', '529559'),
(178, 946355, 'masculino', '23', 'curso_2', '703192', '703192', '703192'),
(179, 186597, 'feminino', '26', 'curso_8', '303575', '303575', '303575'),
(180, 290335, 'masculino', '22', 'curso_2', '63450', '63450', '63450'),
(181, 780699, 'feminino', '22', 'curso_3', '398873', '398873', '398873'),
(182, 522288, 'feminino', '22', 'curso_1', '306378', '306378', '306378'),
(183, 2510, 'feminino', '20 ', 'curso_4', '373353', '373353', '373353'),
(184, 807224, 'feminino', '20', 'curso_3', '235526', '235526', '235526'),
(185, 718631, 'feminino', '27', 'curso_1', '799575', '799575', '799575'),
(186, 890423, 'feminino', '21', 'curso_4', '467953', '467953', '467953'),
(187, 64158, 'feminino', '19', 'curso_4', '833160', '833160', '833160'),
(188, 158, 'masculino', '37', 'curso_1', '947529', '947529', '947529'),
(189, 613948, 'feminino', '18', 'curso_1', '934597', '934597', '934597'),
(190, 689122, 'feminino', '21', 'curso_4', '99291', '99291', '99291'),
(191, 373423, 'feminino', '22', 'curso_4', '392220', '392220', '392220'),
(192, 324329, 'feminino', '19', 'curso_1', '614484', '614484', '614484'),
(193, 503697, 'feminino', '19', 'curso_2', '514528', '514528', '514528'),
(194, 76431, 'feminino', '19', 'curso_4', '756305', '756305', '756305'),
(195, 822892, 'masculino', '23', 'curso_1', '719988', '719988', '719988'),
(196, 551561, 'masculino', '22', 'curso_3', '745185', '745185', '745185'),
(197, 746137, 'feminino', '21', 'curso_3', '790105', '790105', '790105'),
(198, 640314, 'feminino', '20', 'curso_4', '891983', '891983', '891983'),
(199, 368834, 'feminino', '18', 'curso_2', '896331', '896331', '896331'),
(200, 29875, 'masculino', '43', 'curso_4', '415141', '415141', '415141'),
(201, 506254, 'feminino', '19', 'curso_4', '76764', '76764', '76764'),
(202, 924973, 'feminino', '30', 'curso_1', '34354', '34354', '34354'),
(203, 245625, 'feminino', '22', 'curso_1', '180498', '180498', '180498'),
(204, 865541, 'feminino', '22', 'curso_1', '881323', '881323', '881323'),
(205, 865880, 'masculino', '34', 'curso_1', '205109', '205109', '205109'),
(206, 4094, 'feminino', '18', 'curso_1', '901398', '901398', '901398'),
(207, 741835, 'masculino', '27', 'curso_1', '490456', '490456', '490456'),
(208, 771229, 'feminino', '21', 'curso_2', '662112', '662112', '662112'),
(209, 519750, 'feminino', '21', 'curso_3', '571003', '571003', '571003'),
(210, 468929, 'feminino', '20', 'curso_2', '941520', '941520', '941520'),
(211, 730012, 'feminino', '19', 'curso_2', '177756', '177756', '177756'),
(212, 958219, 'masculino', '18', 'curso_2', '689522', '689522', '689522'),
(213, 730657, 'feminino', '22', 'curso_1', '346362', '346362', '346362');

-- --------------------------------------------------------

--
-- Estrutura da tabela `m_answer`
--

CREATE TABLE `m_answer` (
  `m_answer_index` int(11) NOT NULL,
  `m_answer_id` int(11) NOT NULL,
  `user_id` text NOT NULL,
  `question_id` varchar(2) NOT NULL,
  `answer_id` varchar(20) NOT NULL
) ENGINE=InnoDB DEFAULT CHARSET=latin1;

--
-- Extraindo dados da tabela `m_answer`
--

INSERT INTO `m_answer` (`m_answer_index`, `m_answer_id`, `user_id`, `question_id`, `answer_id`) VALUES
(1, 589855, '391159', 'Q4', 'escolha_escs_6'),
(2, 589855, '391159', 'Q5', 'escolha_curso_1'),
(3, 589855, '391159', 'Q6', 'qualidades_escs_2'),
(4, 589855, '391159', 'Q6', 'qualidades_escs_4'),
(5, 589855, '391159', 'Q6', 'qualidades_escs_8'),
(6, 980744, '178084', 'Q4', 'escolha_escs_2'),
(7, 980744, '178084', 'Q4', 'escolha_escs_5'),
(8, 980744, '178084', 'Q5', 'escolha_curso_2'),
(9, 980744, '178084', 'Q5', 'escolha_curso_4'),
(10, 980744, '178084', 'Q6', 'qualidades_escs_1'),
(11, 980744, '178084', 'Q6', 'qualidades_escs_2'),
(12, 980744, '178084', 'Q6', 'qualidades_escs_3'),
(13, 147590, '118542', 'Q4', 'escolha_escs_2'),
(14, 147590, '118542', 'Q5', 'escolha_curso_2'),
(15, 147590, '118542', 'Q5', 'escolha_curso_4'),
(16, 147590, '118542', 'Q6', 'qualidades_escs_6'),
(17, 147590, '118542', 'Q6', 'qualidades_escs_12'),
(18, 810603, '665954', 'Q4', 'escolha_escs_6'),
(19, 810603, '665954', 'Q5', 'escolha_curso_1'),
(20, 810603, '665954', 'Q5', 'escolha_curso_2'),
(21, 810603, '665954', 'Q6', 'qualidades_escs_2'),
(22, 810603, '665954', 'Q6', 'qualidades_escs_7'),
(23, 810603, '665954', 'Q6', 'qualidades_escs_9'),
(24, 208437, '10383', 'Q4', 'escolha_escs_1'),
(25, 208437, '10383', 'Q4', 'escolha_escs_3'),
(26, 208437, '10383', 'Q4', 'escolha_escs_5'),
(27, 208437, '10383', 'Q5', 'escolha_curso_1'),
(28, 208437, '10383', 'Q5', 'escolha_curso_2'),
(29, 208437, '10383', 'Q5', 'escolha_curso_4'),
(30, 208437, '10383', 'Q5', 'escolha_curso_5'),
(31, 208437, '10383', 'Q6', 'qualidades_escs_2'),
(32, 208437, '10383', 'Q6', 'qualidades_escs_6'),
(33, 208437, '10383', 'Q6', 'qualidades_escs_12'),
(34, 456293, '44234', 'Q4', 'escolha_escs_6'),
(35, 456293, '44234', 'Q5', 'escolha_curso_2'),
(36, 456293, '44234', 'Q5', 'escolha_curso_5'),
(37, 456293, '44234', 'Q6', 'qualidades_escs_2'),
(38, 456293, '44234', 'Q6', 'qualidades_escs_6'),
(39, 456293, '44234', 'Q6', 'qualidades_escs_12'),
(40, 421637, '211680', 'Q4', 'escolha_escs_1'),
(41, 421637, '211680', 'Q4', 'escolha_escs_2'),
(42, 421637, '211680', 'Q4', 'escolha_escs_3'),
(43, 421637, '211680', 'Q4', 'escolha_escs_4'),
(44, 421637, '211680', 'Q4', 'escolha_escs_5'),
(45, 421637, '211680', 'Q5', 'escolha_curso_1'),
(46, 421637, '211680', 'Q5', 'escolha_curso_2'),
(47, 421637, '211680', 'Q5', 'escolha_curso_3'),
(48, 421637, '211680', 'Q5', 'escolha_curso_4'),
(49, 421637, '211680', 'Q5', 'escolha_curso_5'),
(50, 421637, '211680', 'Q6', 'qualidades_escs_1'),
(51, 421637, '211680', 'Q6', 'qualidades_escs_12'),
(52, 421637, '211680', 'Q6', 'qualidades_escs_19'),
(53, 396879, '332995', 'Q4', 'escolha_escs_1'),
(54, 396879, '332995', 'Q5', 'escolha_curso_1'),
(55, 396879, '332995', 'Q5', 'escolha_curso_6'),
(56, 396879, '332995', 'Q6', 'qualidades_escs_6'),
(57, 396879, '332995', 'Q6', 'qualidades_escs_7'),
(58, 396879, '332995', 'Q6', 'qualidades_escs_17'),
(59, 46719, '861545', 'Q4', 'escolha_escs_6'),
(60, 46719, '861545', 'Q5', 'escolha_curso_2'),
(61, 46719, '861545', 'Q6', 'qualidades_escs_2'),
(62, 46719, '861545', 'Q6', 'qualidades_escs_7'),
(63, 75138, '107360', 'Q4', 'escolha_escs_2'),
(64, 75138, '107360', 'Q5', 'escolha_curso_1'),
(65, 75138, '107360', 'Q5', 'escolha_curso_2'),
(66, 75138, '107360', 'Q6', 'qualidades_escs_1'),
(67, 75138, '107360', 'Q6', 'qualidades_escs_2'),
(68, 75138, '107360', 'Q6', 'qualidades_escs_10'),
(69, 771986, '514808', 'Q4', 'escolha_escs_4'),
(70, 771986, '514808', 'Q5', 'escolha_curso_1'),
(71, 771986, '514808', 'Q5', 'escolha_curso_2'),
(72, 771986, '514808', 'Q5', 'escolha_curso_4'),
(73, 771986, '514808', 'Q6', 'qualidades_escs_1'),
(74, 771986, '514808', 'Q6', 'qualidades_escs_2'),
(75, 771986, '514808', 'Q6', 'qualidades_escs_12'),
(76, 501669, '584138', 'Q4', 'escolha_escs_2'),
(77, 501669, '584138', 'Q4', 'escolha_escs_4'),
(78, 501669, '584138', 'Q4', 'escolha_escs_5'),
(79, 501669, '584138', 'Q5', 'escolha_curso_1'),
(80, 501669, '584138', 'Q5', 'escolha_curso_2'),
(81, 501669, '584138', 'Q5', 'escolha_curso_3'),
(82, 501669, '584138', 'Q5', 'escolha_curso_4'),
(83, 501669, '584138', 'Q5', 'escolha_curso_5'),
(84, 501669, '584138', 'Q6', 'qualidades_escs_2'),
(85, 501669, '584138', 'Q6', 'qualidades_escs_5'),
(86, 501669, '584138', 'Q6', 'qualidades_escs_9'),
(87, 63189, '364154', 'Q4', 'escolha_escs_2'),
(88, 63189, '364154', 'Q4', 'escolha_escs_4'),
(89, 63189, '364154', 'Q4', 'escolha_escs_5'),
(90, 63189, '364154', 'Q5', 'escolha_curso_1'),
(91, 63189, '364154', 'Q5', 'escolha_curso_2'),
(92, 63189, '364154', 'Q5', 'escolha_curso_3'),
(93, 63189, '364154', 'Q5', 'escolha_curso_4'),
(94, 63189, '364154', 'Q5', 'escolha_curso_5'),
(95, 63189, '364154', 'Q6', 'qualidades_escs_2'),
(96, 63189, '364154', 'Q6', 'qualidades_escs_5'),
(97, 63189, '364154', 'Q6', 'qualidades_escs_9'),
(98, 317886, '11730', 'Q4', 'escolha_escs_2'),
(99, 317886, '11730', 'Q5', 'escolha_curso_1'),
(100, 317886, '11730', 'Q6', 'qualidades_escs_1'),
(101, 317886, '11730', 'Q6', 'qualidades_escs_4'),
(102, 669730, '915152', 'Q4', 'escolha_escs_2'),
(103, 669730, '915152', 'Q5', 'escolha_curso_1'),
(104, 669730, '915152', 'Q5', 'escolha_curso_2'),
(105, 669730, '915152', 'Q6', 'qualidades_escs_2'),
(106, 669730, '915152', 'Q6', 'qualidades_escs_7'),
(107, 669730, '915152', 'Q6', 'qualidades_escs_10'),
(108, 465753, '278426', 'Q4', 'escolha_escs_1'),
(109, 465753, '278426', 'Q5', 'escolha_curso_1'),
(110, 465753, '278426', 'Q5', 'escolha_curso_5'),
(111, 465753, '278426', 'Q6', 'qualidades_escs_2'),
(112, 465753, '278426', 'Q6', 'qualidades_escs_3'),
(113, 465753, '278426', 'Q6', 'qualidades_escs_6'),
(114, 981520, '653487', 'Q4', 'escolha_escs_1'),
(115, 981520, '653487', 'Q4', 'escolha_escs_2'),
(116, 981520, '653487', 'Q5', 'escolha_curso_1'),
(117, 981520, '653487', 'Q5', 'escolha_curso_2'),
(118, 981520, '653487', 'Q5', 'escolha_curso_4'),
(119, 981520, '653487', 'Q5', 'escolha_curso_5'),
(120, 981520, '653487', 'Q6', 'qualidades_escs_3'),
(121, 981520, '653487', 'Q6', 'qualidades_escs_12'),
(122, 916418, '396826', 'Q4', 'escolha_escs_6'),
(123, 916418, '396826', 'Q5', 'escolha_curso_1'),
(124, 916418, '396826', 'Q5', 'escolha_curso_2'),
(125, 916418, '396826', 'Q5', 'escolha_curso_6'),
(126, 916418, '396826', 'Q6', 'qualidades_escs_6'),
(127, 916418, '396826', 'Q6', 'qualidades_escs_12'),
(128, 916418, '396826', 'Q6', 'qualidades_escs_18'),
(129, 999852, '103945', 'Q4', 'escolha_escs_6'),
(130, 999852, '103945', 'Q5', 'escolha_curso_1'),
(131, 999852, '103945', 'Q5', 'escolha_curso_4'),
(132, 999852, '103945', 'Q6', 'qualidades_escs_3'),
(133, 999852, '103945', 'Q6', 'qualidades_escs_6'),
(134, 999852, '103945', 'Q6', 'qualidades_escs_8'),
(135, 712569, '249131', 'Q4', 'escolha_escs_6'),
(136, 712569, '249131', 'Q5', 'escolha_curso_1'),
(137, 712569, '249131', 'Q5', 'escolha_curso_2'),
(138, 712569, '249131', 'Q5', 'escolha_curso_4'),
(139, 712569, '249131', 'Q6', 'qualidades_escs_1'),
(140, 712569, '249131', 'Q6', 'qualidades_escs_3'),
(141, 712569, '249131', 'Q6', 'qualidades_escs_5'),
(142, 903450, '121341', 'Q4', 'escolha_escs_2'),
(143, 903450, '121341', 'Q5', 'escolha_curso_2'),
(144, 903450, '121341', 'Q5', 'escolha_curso_4'),
(145, 903450, '121341', 'Q6', 'qualidades_escs_2'),
(146, 903450, '121341', 'Q6', 'qualidades_escs_7'),
(147, 903450, '121341', 'Q6', 'qualidades_escs_9'),
(148, 525958, '813527', 'Q4', 'escolha_escs_1'),
(149, 525958, '813527', 'Q4', 'escolha_escs_2'),
(150, 525958, '813527', 'Q5', 'escolha_curso_1'),
(151, 525958, '813527', 'Q5', 'escolha_curso_4'),
(152, 525958, '813527', 'Q6', 'qualidades_escs_1'),
(153, 525958, '813527', 'Q6', 'qualidades_escs_7'),
(154, 525958, '813527', 'Q6', 'qualidades_escs_9'),
(155, 373505, '972019', 'Q4', 'escolha_escs_1'),
(156, 373505, '972019', 'Q4', 'escolha_escs_2'),
(157, 373505, '972019', 'Q5', 'escolha_curso_1'),
(158, 373505, '972019', 'Q5', 'escolha_curso_2'),
(159, 373505, '972019', 'Q5', 'escolha_curso_4'),
(160, 373505, '972019', 'Q6', 'qualidades_escs_2'),
(161, 373505, '972019', 'Q6', 'qualidades_escs_6'),
(162, 373505, '972019', 'Q6', 'qualidades_escs_12'),
(163, 849896, '449122', 'Q4', 'escolha_escs_1'),
(164, 849896, '449122', 'Q4', 'escolha_escs_2'),
(165, 849896, '449122', 'Q4', 'escolha_escs_5'),
(166, 849896, '449122', 'Q5', 'escolha_curso_1'),
(167, 849896, '449122', 'Q5', 'escolha_curso_2'),
(168, 849896, '449122', 'Q5', 'escolha_curso_4'),
(169, 849896, '449122', 'Q6', 'qualidades_escs_1'),
(170, 849896, '449122', 'Q6', 'qualidades_escs_3'),
(171, 849896, '449122', 'Q6', 'qualidades_escs_12'),
(172, 677310, '313402', 'Q4', 'escolha_escs_1'),
(173, 677310, '313402', 'Q4', 'escolha_escs_2'),
(174, 677310, '313402', 'Q4', 'escolha_escs_4'),
(175, 677310, '313402', 'Q5', 'escolha_curso_1'),
(176, 677310, '313402', 'Q5', 'escolha_curso_3'),
(177, 677310, '313402', 'Q5', 'escolha_curso_4'),
(178, 677310, '313402', 'Q6', 'qualidades_escs_2'),
(179, 677310, '313402', 'Q6', 'qualidades_escs_9'),
(180, 677310, '313402', 'Q6', 'qualidades_escs_19'),
(181, 715804, '50697', 'Q4', 'escolha_escs_6'),
(182, 715804, '50697', 'Q5', 'escolha_curso_1'),
(183, 715804, '50697', 'Q5', 'escolha_curso_2'),
(184, 715804, '50697', 'Q5', 'escolha_curso_3'),
(185, 715804, '50697', 'Q5', 'escolha_curso_4'),
(186, 715804, '50697', 'Q6', 'qualidades_escs_2'),
(187, 715804, '50697', 'Q6', 'qualidades_escs_3'),
(188, 715804, '50697', 'Q6', 'qualidades_escs_9'),
(189, 86400, '848245', 'Q4', 'escolha_escs_1'),
(190, 86400, '848245', 'Q4', 'escolha_escs_2'),
(191, 86400, '848245', 'Q4', 'escolha_escs_5'),
(192, 86400, '848245', 'Q5', 'escolha_curso_1'),
(193, 86400, '848245', 'Q5', 'escolha_curso_2'),
(194, 86400, '848245', 'Q5', 'escolha_curso_3'),
(195, 86400, '848245', 'Q5', 'escolha_curso_4'),
(196, 86400, '848245', 'Q5', 'escolha_curso_6'),
(197, 86400, '848245', 'Q6', 'qualidades_escs_5'),
(198, 86400, '848245', 'Q6', 'qualidades_escs_6'),
(199, 86400, '848245', 'Q6', 'qualidades_escs_7'),
(200, 110972, '54411', 'Q4', 'escolha_escs_4'),
(201, 110972, '54411', 'Q5', 'escolha_curso_2'),
(202, 110972, '54411', 'Q5', 'escolha_curso_4'),
(203, 110972, '54411', 'Q6', 'qualidades_escs_3'),
(204, 110972, '54411', 'Q6', 'qualidades_escs_6'),
(205, 110972, '54411', 'Q6', 'qualidades_escs_12'),
(206, 387011, '628833', 'Q4', 'escolha_escs_2'),
(207, 387011, '628833', 'Q5', 'escolha_curso_2'),
(208, 387011, '628833', 'Q5', 'escolha_curso_4'),
(209, 387011, '628833', 'Q6', 'qualidades_escs_1'),
(210, 387011, '628833', 'Q6', 'qualidades_escs_2'),
(211, 387011, '628833', 'Q6', 'qualidades_escs_9'),
(212, 955150, '318820', 'Q4', 'escolha_escs_2'),
(213, 955150, '318820', 'Q5', 'escolha_curso_2'),
(214, 955150, '318820', 'Q5', 'escolha_curso_4'),
(215, 955150, '318820', 'Q6', 'qualidades_escs_2'),
(216, 955150, '318820', 'Q6', 'qualidades_escs_10'),
(217, 955150, '318820', 'Q6', 'qualidades_escs_12'),
(218, 447842, '5993', 'Q4', 'escolha_escs_5'),
(219, 447842, '5993', 'Q5', 'escolha_curso_2'),
(220, 447842, '5993', 'Q6', 'qualidades_escs_10'),
(221, 447842, '5993', 'Q6', 'qualidades_escs_12'),
(222, 447842, '5993', 'Q6', 'qualidades_escs_19'),
(223, 959033, '269610', 'Q4', 'escolha_escs_1'),
(224, 959033, '269610', 'Q5', 'escolha_curso_1'),
(225, 959033, '269610', 'Q5', 'escolha_curso_4'),
(226, 959033, '269610', 'Q5', 'escolha_curso_5'),
(227, 959033, '269610', 'Q6', 'qualidades_escs_3'),
(228, 959033, '269610', 'Q6', 'qualidades_escs_5'),
(229, 959033, '269610', 'Q6', 'qualidades_escs_9'),
(230, 86347, '580178', 'Q4', 'escolha_escs_6'),
(231, 86347, '580178', 'Q5', 'escolha_curso_2'),
(232, 86347, '580178', 'Q6', 'qualidades_escs_1'),
(233, 86347, '580178', 'Q6', 'qualidades_escs_5'),
(234, 86347, '580178', 'Q6', 'qualidades_escs_12'),
(235, 317160, '608130', 'Q4', 'escolha_escs_2'),
(236, 317160, '608130', 'Q5', 'escolha_curso_2'),
(237, 317160, '608130', 'Q5', 'escolha_curso_4'),
(238, 317160, '608130', 'Q6', 'qualidades_escs_3'),
(239, 317160, '608130', 'Q6', 'qualidades_escs_12'),
(240, 935208, '145787', 'Q4', 'escolha_escs_1'),
(241, 935208, '145787', 'Q4', 'escolha_escs_5'),
(242, 935208, '145787', 'Q5', 'escolha_curso_1'),
(243, 935208, '145787', 'Q5', 'escolha_curso_2'),
(244, 935208, '145787', 'Q5', 'escolha_curso_4'),
(245, 935208, '145787', 'Q6', 'qualidades_escs_1'),
(246, 935208, '145787', 'Q6', 'qualidades_escs_10'),
(247, 935208, '145787', 'Q6', 'qualidades_escs_12'),
(248, 679156, '104432', 'Q4', 'escolha_escs_6'),
(249, 679156, '104432', 'Q5', 'escolha_curso_2'),
(250, 679156, '104432', 'Q6', 'qualidades_escs_3'),
(251, 679156, '104432', 'Q6', 'qualidades_escs_6'),
(252, 679156, '104432', 'Q6', 'qualidades_escs_12'),
(253, 450953, '850929', 'Q4', 'escolha_escs_6'),
(254, 450953, '850929', 'Q5', 'escolha_curso_2'),
(255, 450953, '850929', 'Q5', 'escolha_curso_4'),
(256, 450953, '850929', 'Q6', 'qualidades_escs_5'),
(257, 450953, '850929', 'Q6', 'qualidades_escs_6'),
(258, 450953, '850929', 'Q6', 'qualidades_escs_12'),
(259, 998891, '605591', 'Q4', 'escolha_escs_1'),
(260, 998891, '605591', 'Q4', 'escolha_escs_2'),
(261, 998891, '605591', 'Q4', 'escolha_escs_3'),
(262, 998891, '605591', 'Q5', 'escolha_curso_1'),
(263, 998891, '605591', 'Q5', 'escolha_curso_2'),
(264, 998891, '605591', 'Q5', 'escolha_curso_4'),
(265, 998891, '605591', 'Q6', 'qualidades_escs_1'),
(266, 998891, '605591', 'Q6', 'qualidades_escs_5'),
(267, 998891, '605591', 'Q6', 'qualidades_escs_9'),
(268, 160862, '90764', 'Q4', 'escolha_escs_1'),
(269, 160862, '90764', 'Q5', 'escolha_curso_2'),
(270, 160862, '90764', 'Q6', 'qualidades_escs_6'),
(271, 823987, '571794', 'Q4', 'escolha_escs_6'),
(272, 823987, '571794', 'Q5', 'escolha_curso_1'),
(273, 823987, '571794', 'Q5', 'escolha_curso_2'),
(274, 823987, '571794', 'Q6', 'qualidades_escs_3'),
(275, 823987, '571794', 'Q6', 'qualidades_escs_7'),
(276, 823987, '571794', 'Q6', 'qualidades_escs_13'),
(277, 577087, '425710', 'Q4', 'escolha_escs_2'),
(278, 577087, '425710', 'Q4', 'escolha_escs_5'),
(279, 577087, '425710', 'Q5', 'escolha_curso_1'),
(280, 577087, '425710', 'Q5', 'escolha_curso_2'),
(281, 577087, '425710', 'Q5', 'escolha_curso_4'),
(282, 577087, '425710', 'Q6', 'qualidades_escs_3'),
(283, 577087, '425710', 'Q6', 'qualidades_escs_5'),
(284, 577087, '425710', 'Q6', 'qualidades_escs_12'),
(285, 55098, '280574', 'Q4', 'escolha_escs_6'),
(286, 55098, '280574', 'Q5', 'escolha_curso_1'),
(287, 55098, '280574', 'Q5', 'escolha_curso_2'),
(288, 55098, '280574', 'Q5', 'escolha_curso_3'),
(289, 55098, '280574', 'Q5', 'escolha_curso_4'),
(290, 55098, '280574', 'Q6', 'qualidades_escs_3'),
(291, 55098, '280574', 'Q6', 'qualidades_escs_6'),
(292, 55098, '280574', 'Q6', 'qualidades_escs_12'),
(293, 3005, '479274', 'Q4', 'escolha_escs_1'),
(294, 3005, '479274', 'Q5', 'escolha_curso_1'),
(295, 3005, '479274', 'Q5', 'escolha_curso_2'),
(296, 3005, '479274', 'Q5', 'escolha_curso_4'),
(297, 3005, '479274', 'Q6', 'qualidades_escs_3'),
(298, 3005, '479274', 'Q6', 'qualidades_escs_6'),
(299, 3005, '479274', 'Q6', 'qualidades_escs_10'),
(300, 499490, '218258', 'Q4', 'escolha_escs_6'),
(301, 499490, '218258', 'Q5', 'escolha_curso_2'),
(302, 499490, '218258', 'Q6', 'qualidades_escs_3'),
(303, 499490, '218258', 'Q6', 'qualidades_escs_6'),
(304, 499490, '218258', 'Q6', 'qualidades_escs_19'),
(305, 231203, '689471', 'Q4', 'escolha_escs_2'),
(306, 231203, '689471', 'Q4', 'escolha_escs_3'),
(307, 231203, '689471', 'Q5', 'escolha_curso_1'),
(308, 231203, '689471', 'Q5', 'escolha_curso_2'),
(309, 231203, '689471', 'Q5', 'escolha_curso_3'),
(310, 231203, '689471', 'Q5', 'escolha_curso_4'),
(311, 231203, '689471', 'Q6', 'qualidades_escs_1'),
(312, 231203, '689471', 'Q6', 'qualidades_escs_2'),
(313, 231203, '689471', 'Q6', 'qualidades_escs_7'),
(314, 161393, '106409', 'Q4', 'escolha_escs_1'),
(315, 161393, '106409', 'Q4', 'escolha_escs_5'),
(316, 161393, '106409', 'Q5', 'escolha_curso_2'),
(317, 161393, '106409', 'Q6', 'qualidades_escs_6'),
(318, 713554, '272471', 'Q4', 'escolha_escs_2'),
(319, 713554, '272471', 'Q5', 'escolha_curso_2'),
(320, 713554, '272471', 'Q5', 'escolha_curso_3'),
(321, 713554, '272471', 'Q5', 'escolha_curso_4'),
(322, 713554, '272471', 'Q6', 'qualidades_escs_1'),
(323, 713554, '272471', 'Q6', 'qualidades_escs_2'),
(324, 713554, '272471', 'Q6', 'qualidades_escs_12'),
(325, 322927, '922870', 'Q4', 'escolha_escs_6'),
(326, 322927, '922870', 'Q5', 'escolha_curso_7'),
(327, 322927, '922870', 'Q6', 'qualidades_escs_1'),
(328, 322927, '922870', 'Q6', 'qualidades_escs_3'),
(329, 322927, '922870', 'Q6', 'qualidades_escs_8'),
(330, 759405, '596208', 'Q4', 'escolha_escs_1'),
(331, 759405, '596208', 'Q4', 'escolha_escs_5'),
(332, 759405, '596208', 'Q5', 'escolha_curso_1'),
(333, 759405, '596208', 'Q6', 'qualidades_escs_6'),
(334, 759405, '596208', 'Q6', 'qualidades_escs_7'),
(335, 759405, '596208', 'Q6', 'qualidades_escs_12'),
(336, 58672, '861145', 'Q4', 'escolha_escs_6'),
(337, 58672, '861145', 'Q5', 'escolha_curso_2'),
(338, 58672, '861145', 'Q6', 'qualidades_escs_3'),
(339, 58672, '861145', 'Q6', 'qualidades_escs_6'),
(340, 58672, '861145', 'Q6', 'qualidades_escs_10'),
(341, 848111, '738949', 'Q4', 'escolha_escs_6'),
(342, 848111, '738949', 'Q5', 'escolha_curso_2'),
(343, 848111, '738949', 'Q5', 'escolha_curso_4'),
(344, 848111, '738949', 'Q5', 'escolha_curso_5'),
(345, 848111, '738949', 'Q6', 'qualidades_escs_3'),
(346, 848111, '738949', 'Q6', 'qualidades_escs_12'),
(347, 848111, '738949', 'Q6', 'qualidades_escs_19'),
(348, 931259, '999655', 'Q4', 'escolha_escs_6'),
(349, 931259, '999655', 'Q5', 'escolha_curso_1'),
(350, 931259, '999655', 'Q5', 'escolha_curso_2'),
(351, 931259, '999655', 'Q5', 'escolha_curso_3'),
(352, 931259, '999655', 'Q5', 'escolha_curso_4'),
(353, 931259, '999655', 'Q6', 'qualidades_escs_1'),
(354, 931259, '999655', 'Q6', 'qualidades_escs_12'),
(355, 931259, '999655', 'Q6', 'qualidades_escs_13'),
(356, 765557, '27372', 'Q4', 'escolha_escs_6'),
(357, 765557, '27372', 'Q5', 'escolha_curso_1'),
(358, 765557, '27372', 'Q5', 'escolha_curso_2'),
(359, 765557, '27372', 'Q5', 'escolha_curso_4'),
(360, 765557, '27372', 'Q6', 'qualidades_escs_1'),
(361, 765557, '27372', 'Q6', 'qualidades_escs_5'),
(362, 765557, '27372', 'Q6', 'qualidades_escs_7'),
(363, 922228, '213698', 'Q4', 'escolha_escs_1'),
(364, 922228, '213698', 'Q4', 'escolha_escs_3'),
(365, 922228, '213698', 'Q5', 'escolha_curso_1'),
(366, 922228, '213698', 'Q5', 'escolha_curso_2'),
(367, 922228, '213698', 'Q5', 'escolha_curso_4'),
(368, 922228, '213698', 'Q5', 'escolha_curso_5'),
(369, 922228, '213698', 'Q6', 'qualidades_escs_1'),
(370, 922228, '213698', 'Q6', 'qualidades_escs_5'),
(371, 922228, '213698', 'Q6', 'qualidades_escs_6'),
(372, 936518, '116414', 'Q4', 'escolha_escs_6'),
(373, 936518, '116414', 'Q5', 'escolha_curso_2'),
(374, 936518, '116414', 'Q5', 'escolha_curso_4'),
(375, 936518, '116414', 'Q6', 'qualidades_escs_1'),
(376, 936518, '116414', 'Q6', 'qualidades_escs_2'),
(377, 936518, '116414', 'Q6', 'qualidades_escs_11'),
(378, 975122, '407979', 'Q4', 'escolha_escs_6'),
(379, 975122, '407979', 'Q5', 'escolha_curso_4'),
(380, 975122, '407979', 'Q6', 'qualidades_escs_1'),
(381, 975122, '407979', 'Q6', 'qualidades_escs_6'),
(382, 975122, '407979', 'Q6', 'qualidades_escs_12'),
(383, 501228, '547462', 'Q4', 'escolha_escs_6'),
(384, 501228, '547462', 'Q5', 'escolha_curso_2'),
(385, 501228, '547462', 'Q6', 'qualidades_escs_3'),
(386, 501228, '547462', 'Q6', 'qualidades_escs_4'),
(387, 501228, '547462', 'Q6', 'qualidades_escs_5'),
(388, 127408, '129486', 'Q4', 'escolha_escs_6'),
(389, 127408, '129486', 'Q5', 'escolha_curso_2'),
(390, 127408, '129486', 'Q6', 'qualidades_escs_3'),
(391, 127408, '129486', 'Q6', 'qualidades_escs_9'),
(392, 127408, '129486', 'Q6', 'qualidades_escs_12'),
(393, 479524, '949721', 'Q4', 'escolha_escs_5'),
(394, 479524, '949721', 'Q5', 'escolha_curso_1'),
(395, 479524, '949721', 'Q5', 'escolha_curso_3'),
(396, 479524, '949721', 'Q5', 'escolha_curso_4'),
(397, 479524, '949721', 'Q6', 'qualidades_escs_5'),
(398, 479524, '949721', 'Q6', 'qualidades_escs_7'),
(399, 479524, '949721', 'Q6', 'qualidades_escs_12'),
(400, 50691, '966767', 'Q4', 'escolha_escs_2'),
(401, 50691, '966767', 'Q5', 'escolha_curso_2'),
(402, 50691, '966767', 'Q6', 'qualidades_escs_3'),
(403, 50691, '966767', 'Q6', 'qualidades_escs_7'),
(404, 50691, '966767', 'Q6', 'qualidades_escs_9'),
(405, 25672, '453092', 'Q4', 'escolha_escs_6'),
(406, 25672, '453092', 'Q5', 'escolha_curso_2'),
(407, 25672, '453092', 'Q5', 'escolha_curso_4'),
(408, 25672, '453092', 'Q6', 'qualidades_escs_1'),
(409, 25672, '453092', 'Q6', 'qualidades_escs_2'),
(410, 25672, '453092', 'Q6', 'qualidades_escs_3'),
(411, 400270, '258919', 'Q4', 'escolha_escs_6'),
(412, 400270, '258919', 'Q5', 'escolha_curso_1'),
(413, 400270, '258919', 'Q5', 'escolha_curso_2'),
(414, 400270, '258919', 'Q6', 'qualidades_escs_1'),
(415, 400270, '258919', 'Q6', 'qualidades_escs_10'),
(416, 400270, '258919', 'Q6', 'qualidades_escs_12'),
(417, 876562, '867736', 'Q4', 'escolha_escs_1'),
(418, 876562, '867736', 'Q5', 'escolha_curso_2'),
(419, 876562, '867736', 'Q6', 'qualidades_escs_5'),
(420, 876562, '867736', 'Q6', 'qualidades_escs_10'),
(421, 876562, '867736', 'Q6', 'qualidades_escs_13'),
(422, 933746, '724390', 'Q4', 'escolha_escs_1'),
(423, 933746, '724390', 'Q4', 'escolha_escs_2'),
(424, 933746, '724390', 'Q4', 'escolha_escs_5'),
(425, 933746, '724390', 'Q5', 'escolha_curso_1'),
(426, 933746, '724390', 'Q5', 'escolha_curso_4'),
(427, 933746, '724390', 'Q6', 'qualidades_escs_2'),
(428, 933746, '724390', 'Q6', 'qualidades_escs_7'),
(429, 933746, '724390', 'Q6', 'qualidades_escs_12'),
(430, 492642, '186017', 'Q4', 'escolha_escs_6'),
(431, 492642, '186017', 'Q5', 'escolha_curso_2'),
(432, 492642, '186017', 'Q5', 'escolha_curso_4'),
(433, 492642, '186017', 'Q6', 'qualidades_escs_1'),
(434, 492642, '186017', 'Q6', 'qualidades_escs_2'),
(435, 492642, '186017', 'Q6', 'qualidades_escs_3'),
(436, 141937, '470546', 'Q4', 'escolha_escs_1'),
(437, 141937, '470546', 'Q5', 'escolha_curso_2'),
(438, 141937, '470546', 'Q5', 'escolha_curso_4'),
(439, 141937, '470546', 'Q6', 'qualidades_escs_1'),
(440, 141937, '470546', 'Q6', 'qualidades_escs_5'),
(441, 141937, '470546', 'Q6', 'qualidades_escs_12'),
(442, 389328, '318879', 'Q4', 'escolha_escs_6'),
(443, 389328, '318879', 'Q5', 'escolha_curso_2'),
(444, 389328, '318879', 'Q5', 'escolha_curso_4'),
(445, 389328, '318879', 'Q6', 'qualidades_escs_1'),
(446, 389328, '318879', 'Q6', 'qualidades_escs_3'),
(447, 389328, '318879', 'Q6', 'qualidades_escs_10'),
(448, 486186, '482302', 'Q4', 'escolha_escs_1'),
(449, 486186, '482302', 'Q4', 'escolha_escs_2'),
(450, 486186, '482302', 'Q4', 'escolha_escs_5'),
(451, 486186, '482302', 'Q5', 'escolha_curso_1'),
(452, 486186, '482302', 'Q5', 'escolha_curso_4'),
(453, 486186, '482302', 'Q6', 'qualidades_escs_1'),
(454, 486186, '482302', 'Q6', 'qualidades_escs_2'),
(455, 486186, '482302', 'Q6', 'qualidades_escs_12'),
(456, 899041, '257243', 'Q4', 'escolha_escs_6'),
(457, 899041, '257243', 'Q5', 'escolha_curso_2'),
(458, 899041, '257243', 'Q6', 'qualidades_escs_1'),
(459, 899041, '257243', 'Q6', 'qualidades_escs_2'),
(460, 899041, '257243', 'Q6', 'qualidades_escs_12'),
(461, 883307, '186685', 'Q4', 'escolha_escs_1'),
(462, 883307, '186685', 'Q4', 'escolha_escs_2'),
(463, 883307, '186685', 'Q5', 'escolha_curso_1'),
(464, 883307, '186685', 'Q5', 'escolha_curso_2'),
(465, 883307, '186685', 'Q5', 'escolha_curso_4'),
(466, 883307, '186685', 'Q6', 'qualidades_escs_2'),
(467, 883307, '186685', 'Q6', 'qualidades_escs_6'),
(468, 883307, '186685', 'Q6', 'qualidades_escs_12'),
(469, 817386, '31571', 'Q4', 'escolha_escs_1'),
(470, 817386, '31571', 'Q4', 'escolha_escs_2'),
(471, 817386, '31571', 'Q5', 'escolha_curso_1'),
(472, 817386, '31571', 'Q5', 'escolha_curso_2'),
(473, 817386, '31571', 'Q5', 'escolha_curso_4'),
(474, 817386, '31571', 'Q5', 'escolha_curso_5'),
(475, 817386, '31571', 'Q6', 'qualidades_escs_2'),
(476, 817386, '31571', 'Q6', 'qualidades_escs_6'),
(477, 817386, '31571', 'Q6', 'qualidades_escs_12'),
(478, 702606, '802130', 'Q4', 'escolha_escs_1'),
(479, 702606, '802130', 'Q4', 'escolha_escs_3'),
(480, 702606, '802130', 'Q5', 'escolha_curso_2'),
(481, 702606, '802130', 'Q5', 'escolha_curso_4'),
(482, 702606, '802130', 'Q6', 'qualidades_escs_3'),
(483, 702606, '802130', 'Q6', 'qualidades_escs_5'),
(484, 702606, '802130', 'Q6', 'qualidades_escs_6'),
(485, 117019, '498821', 'Q4', 'escolha_escs_2'),
(486, 117019, '498821', 'Q5', 'escolha_curso_1'),
(487, 117019, '498821', 'Q5', 'escolha_curso_5'),
(488, 117019, '498821', 'Q6', 'qualidades_escs_3'),
(489, 117019, '498821', 'Q6', 'qualidades_escs_4'),
(490, 428779, '134859', 'Q4', 'escolha_escs_6'),
(491, 428779, '134859', 'Q5', 'escolha_curso_2'),
(492, 428779, '134859', 'Q6', 'qualidades_escs_3'),
(493, 428779, '134859', 'Q6', 'qualidades_escs_12'),
(494, 230433, '924713', 'Q4', 'escolha_escs_2'),
(495, 230433, '924713', 'Q4', 'escolha_escs_5'),
(496, 230433, '924713', 'Q5', 'escolha_curso_2'),
(497, 230433, '924713', 'Q5', 'escolha_curso_4'),
(498, 230433, '924713', 'Q6', 'qualidades_escs_2'),
(499, 230433, '924713', 'Q6', 'qualidades_escs_9'),
(500, 230433, '924713', 'Q6', 'qualidades_escs_12'),
(501, 675834, '689621', 'Q4', 'escolha_escs_4'),
(502, 675834, '689621', 'Q4', 'escolha_escs_5'),
(503, 675834, '689621', 'Q5', 'escolha_curso_2'),
(504, 675834, '689621', 'Q5', 'escolha_curso_4'),
(505, 675834, '689621', 'Q6', 'qualidades_escs_7'),
(506, 675834, '689621', 'Q6', 'qualidades_escs_8'),
(507, 675834, '689621', 'Q6', 'qualidades_escs_10'),
(508, 334052, '934751', 'Q4', 'escolha_escs_2'),
(509, 334052, '934751', 'Q5', 'escolha_curso_2'),
(510, 334052, '934751', 'Q6', 'qualidades_escs_2'),
(511, 334052, '934751', 'Q6', 'qualidades_escs_7'),
(512, 334052, '934751', 'Q6', 'qualidades_escs_9'),
(513, 338694, '859340', 'Q4', 'escolha_escs_6'),
(514, 338694, '859340', 'Q5', 'escolha_curso_2'),
(515, 338694, '859340', 'Q6', 'qualidades_escs_5'),
(516, 338694, '859340', 'Q6', 'qualidades_escs_6'),
(517, 78801, '430533', 'Q4', 'escolha_escs_6'),
(518, 78801, '430533', 'Q5', 'escolha_curso_2'),
(519, 78801, '430533', 'Q5', 'escolha_curso_4'),
(520, 78801, '430533', 'Q6', 'qualidades_escs_6'),
(521, 78801, '430533', 'Q6', 'qualidades_escs_10'),
(522, 78801, '430533', 'Q6', 'qualidades_escs_11'),
(523, 762621, '61947', 'Q4', 'escolha_escs_2'),
(524, 762621, '61947', 'Q5', 'escolha_curso_7'),
(525, 762621, '61947', 'Q6', 'qualidades_escs_3'),
(526, 762621, '61947', 'Q6', 'qualidades_escs_6'),
(527, 762621, '61947', 'Q6', 'qualidades_escs_12'),
(528, 516300, '117792', 'Q4', 'escolha_escs_6'),
(529, 516300, '117792', 'Q5', 'escolha_curso_1'),
(530, 516300, '117792', 'Q5', 'escolha_curso_2'),
(531, 516300, '117792', 'Q5', 'escolha_curso_4'),
(532, 516300, '117792', 'Q6', 'qualidades_escs_1'),
(533, 516300, '117792', 'Q6', 'qualidades_escs_2'),
(534, 516300, '117792', 'Q6', 'qualidades_escs_12'),
(535, 140790, '534347', 'Q4', 'escolha_escs_2'),
(536, 140790, '534347', 'Q4', 'escolha_escs_5'),
(537, 140790, '534347', 'Q5', 'escolha_curso_1'),
(538, 140790, '534347', 'Q5', 'escolha_curso_2'),
(539, 140790, '534347', 'Q5', 'escolha_curso_3'),
(540, 140790, '534347', 'Q5', 'escolha_curso_4'),
(541, 140790, '534347', 'Q5', 'escolha_curso_5'),
(542, 140790, '534347', 'Q6', 'qualidades_escs_1'),
(543, 140790, '534347', 'Q6', 'qualidades_escs_9'),
(544, 140790, '534347', 'Q6', 'qualidades_escs_12'),
(545, 496057, '843169', 'Q4', 'escolha_escs_6'),
(546, 496057, '843169', 'Q5', 'escolha_curso_5'),
(547, 496057, '843169', 'Q5', 'escolha_curso_6'),
(548, 496057, '843169', 'Q6', 'qualidades_escs_2'),
(549, 496057, '843169', 'Q6', 'qualidades_escs_7'),
(550, 496057, '843169', 'Q6', 'qualidades_escs_8'),
(551, 822652, '430085', 'Q4', 'escolha_escs_1'),
(552, 822652, '430085', 'Q5', 'escolha_curso_2'),
(553, 822652, '430085', 'Q6', 'qualidades_escs_5'),
(554, 387876, '504412', 'Q4', 'escolha_escs_1'),
(555, 387876, '504412', 'Q5', 'escolha_curso_2'),
(556, 387876, '504412', 'Q5', 'escolha_curso_4'),
(557, 387876, '504412', 'Q6', 'qualidades_escs_6'),
(558, 866362, '127702', 'Q4', 'escolha_escs_2'),
(559, 866362, '127702', 'Q4', 'escolha_escs_5'),
(560, 866362, '127702', 'Q5', 'escolha_curso_1'),
(561, 866362, '127702', 'Q5', 'escolha_curso_2'),
(562, 866362, '127702', 'Q5', 'escolha_curso_3'),
(563, 866362, '127702', 'Q5', 'escolha_curso_4'),
(564, 866362, '127702', 'Q6', 'qualidades_escs_3'),
(565, 866362, '127702', 'Q6', 'qualidades_escs_7'),
(566, 866362, '127702', 'Q6', 'qualidades_escs_8'),
(567, 463086, '64886', 'Q4', 'escolha_escs_4'),
(568, 463086, '64886', 'Q4', 'escolha_escs_5'),
(569, 463086, '64886', 'Q5', 'escolha_curso_2'),
(570, 463086, '64886', 'Q6', 'qualidades_escs_12'),
(571, 970945, '621330', 'Q4', 'escolha_escs_2'),
(572, 970945, '621330', 'Q5', 'escolha_curso_2'),
(573, 970945, '621330', 'Q5', 'escolha_curso_4'),
(574, 970945, '621330', 'Q5', 'escolha_curso_5'),
(575, 970945, '621330', 'Q6', 'qualidades_escs_3'),
(576, 970945, '621330', 'Q6', 'qualidades_escs_5'),
(577, 186411, '441826', 'Q4', 'escolha_escs_6'),
(578, 186411, '441826', 'Q5', 'escolha_curso_2'),
(579, 186411, '441826', 'Q5', 'escolha_curso_4'),
(580, 186411, '441826', 'Q6', 'qualidades_escs_9'),
(581, 186411, '441826', 'Q6', 'qualidades_escs_10'),
(582, 186411, '441826', 'Q6', 'qualidades_escs_12'),
(583, 954878, '305257', 'Q4', 'escolha_escs_2'),
(584, 954878, '305257', 'Q5', 'escolha_curso_3'),
(585, 954878, '305257', 'Q6', 'qualidades_escs_2'),
(586, 954878, '305257', 'Q6', 'qualidades_escs_7'),
(587, 954878, '305257', 'Q6', 'qualidades_escs_12'),
(588, 987325, '321524', 'Q4', 'escolha_escs_2'),
(589, 987325, '321524', 'Q5', 'escolha_curso_1'),
(590, 987325, '321524', 'Q5', 'escolha_curso_2'),
(591, 987325, '321524', 'Q5', 'escolha_curso_4'),
(592, 987325, '321524', 'Q6', 'qualidades_escs_1'),
(593, 987325, '321524', 'Q6', 'qualidades_escs_2'),
(594, 987325, '321524', 'Q6', 'qualidades_escs_10'),
(595, 617842, '384557', 'Q4', 'escolha_escs_1'),
(596, 617842, '384557', 'Q4', 'escolha_escs_2'),
(597, 617842, '384557', 'Q5', 'escolha_curso_1'),
(598, 617842, '384557', 'Q5', 'escolha_curso_3'),
(599, 617842, '384557', 'Q5', 'escolha_curso_5'),
(600, 617842, '384557', 'Q5', 'escolha_curso_6'),
(601, 617842, '384557', 'Q6', 'qualidades_escs_6'),
(602, 617842, '384557', 'Q6', 'qualidades_escs_7'),
(603, 617842, '384557', 'Q6', 'qualidades_escs_9'),
(604, 702757, '758854', 'Q4', 'escolha_escs_6'),
(605, 702757, '758854', 'Q5', 'escolha_curso_2'),
(606, 702757, '758854', 'Q6', 'qualidades_escs_1'),
(607, 309890, '880800', 'Q4', 'escolha_escs_1'),
(608, 309890, '880800', 'Q4', 'escolha_escs_2'),
(609, 309890, '880800', 'Q5', 'escolha_curso_1'),
(610, 309890, '880800', 'Q5', 'escolha_curso_2'),
(611, 309890, '880800', 'Q5', 'escolha_curso_4'),
(612, 309890, '880800', 'Q6', 'qualidades_escs_1'),
(613, 309890, '880800', 'Q6', 'qualidades_escs_2'),
(614, 309890, '880800', 'Q6', 'qualidades_escs_12'),
(615, 982832, '388945', 'Q4', 'escolha_escs_2'),
(616, 982832, '388945', 'Q5', 'escolha_curso_1'),
(617, 982832, '388945', 'Q5', 'escolha_curso_2'),
(618, 982832, '388945', 'Q5', 'escolha_curso_4'),
(619, 982832, '388945', 'Q6', 'qualidades_escs_5'),
(620, 982832, '388945', 'Q6', 'qualidades_escs_9'),
(621, 982832, '388945', 'Q6', 'qualidades_escs_12'),
(622, 942299, '638114', 'Q4', 'escolha_escs_6'),
(623, 942299, '638114', 'Q5', 'escolha_curso_2'),
(624, 942299, '638114', 'Q5', 'escolha_curso_4'),
(625, 942299, '638114', 'Q6', 'qualidades_escs_2'),
(626, 942299, '638114', 'Q6', 'qualidades_escs_6'),
(627, 942299, '638114', 'Q6', 'qualidades_escs_12'),
(628, 218652, '625823', 'Q4', 'escolha_escs_4'),
(629, 218652, '625823', 'Q4', 'escolha_escs_5'),
(630, 218652, '625823', 'Q5', 'escolha_curso_2'),
(631, 218652, '625823', 'Q5', 'escolha_curso_4'),
(632, 218652, '625823', 'Q6', 'qualidades_escs_1'),
(633, 218652, '625823', 'Q6', 'qualidades_escs_7'),
(634, 218652, '625823', 'Q6', 'qualidades_escs_13'),
(635, 224243, '178896', 'Q4', 'escolha_escs_2'),
(636, 224243, '178896', 'Q5', 'escolha_curso_2'),
(637, 224243, '178896', 'Q6', 'qualidades_escs_6'),
(638, 224243, '178896', 'Q6', 'qualidades_escs_12'),
(639, 224243, '178896', 'Q6', 'qualidades_escs_19'),
(640, 194798, '594786', 'Q4', 'escolha_escs_1'),
(641, 194798, '594786', 'Q5', 'escolha_curso_1'),
(642, 194798, '594786', 'Q5', 'escolha_curso_2'),
(643, 194798, '594786', 'Q5', 'escolha_curso_4'),
(644, 194798, '594786', 'Q6', 'qualidades_escs_1'),
(645, 194798, '594786', 'Q6', 'qualidades_escs_6'),
(646, 194798, '594786', 'Q6', 'qualidades_escs_12'),
(647, 549117, '813723', 'Q4', 'escolha_escs_1'),
(648, 549117, '813723', 'Q4', 'escolha_escs_2'),
(649, 549117, '813723', 'Q4', 'escolha_escs_4'),
(650, 549117, '813723', 'Q5', 'escolha_curso_1'),
(651, 549117, '813723', 'Q5', 'escolha_curso_2'),
(652, 549117, '813723', 'Q5', 'escolha_curso_4'),
(653, 549117, '813723', 'Q6', 'qualidades_escs_1'),
(654, 549117, '813723', 'Q6', 'qualidades_escs_3'),
(655, 549117, '813723', 'Q6', 'qualidades_escs_7'),
(656, 334401, '256337', 'Q4', 'escolha_escs_1'),
(657, 334401, '256337', 'Q4', 'escolha_escs_2'),
(658, 334401, '256337', 'Q4', 'escolha_escs_4'),
(659, 334401, '256337', 'Q5', 'escolha_curso_1'),
(660, 334401, '256337', 'Q5', 'escolha_curso_2'),
(661, 334401, '256337', 'Q5', 'escolha_curso_4'),
(662, 334401, '256337', 'Q6', 'qualidades_escs_1'),
(663, 334401, '256337', 'Q6', 'qualidades_escs_3'),
(664, 334401, '256337', 'Q6', 'qualidades_escs_7'),
(665, 126795, '15169', 'Q4', 'escolha_escs_6'),
(666, 126795, '15169', 'Q5', 'escolha_curso_2'),
(667, 126795, '15169', 'Q6', 'qualidades_escs_3'),
(668, 126795, '15169', 'Q6', 'qualidades_escs_7'),
(669, 126795, '15169', 'Q6', 'qualidades_escs_9'),
(670, 22608, '930838', 'Q4', 'escolha_escs_1'),
(671, 22608, '930838', 'Q4', 'escolha_escs_2'),
(672, 22608, '930838', 'Q4', 'escolha_escs_5'),
(673, 22608, '930838', 'Q5', 'escolha_curso_2'),
(674, 22608, '930838', 'Q5', 'escolha_curso_3'),
(675, 22608, '930838', 'Q6', 'qualidades_escs_2'),
(676, 22608, '930838', 'Q6', 'qualidades_escs_3'),
(677, 22608, '930838', 'Q6', 'qualidades_escs_12'),
(678, 766921, '588854', 'Q4', 'escolha_escs_1'),
(679, 766921, '588854', 'Q5', 'escolha_curso_2'),
(680, 766921, '588854', 'Q6', 'qualidades_escs_2'),
(681, 766921, '588854', 'Q6', 'qualidades_escs_5'),
(682, 766921, '588854', 'Q6', 'qualidades_escs_19'),
(683, 638314, '182404', 'Q4', 'escolha_escs_2'),
(684, 638314, '182404', 'Q4', 'escolha_escs_5'),
(685, 638314, '182404', 'Q5', 'escolha_curso_2'),
(686, 638314, '182404', 'Q5', 'escolha_curso_4'),
(687, 638314, '182404', 'Q6', 'qualidades_escs_1'),
(688, 638314, '182404', 'Q6', 'qualidades_escs_6'),
(689, 638314, '182404', 'Q6', 'qualidades_escs_12'),
(690, 370629, '750653', 'Q4', 'escolha_escs_2'),
(691, 370629, '750653', 'Q4', 'escolha_escs_5'),
(692, 370629, '750653', 'Q5', 'escolha_curso_2'),
(693, 370629, '750653', 'Q5', 'escolha_curso_4'),
(694, 370629, '750653', 'Q6', 'qualidades_escs_1'),
(695, 370629, '750653', 'Q6', 'qualidades_escs_6'),
(696, 370629, '750653', 'Q6', 'qualidades_escs_12'),
(697, 968564, '4228', 'Q4', 'escolha_escs_2'),
(698, 968564, '4228', 'Q4', 'escolha_escs_5'),
(699, 968564, '4228', 'Q5', 'escolha_curso_2'),
(700, 968564, '4228', 'Q5', 'escolha_curso_4'),
(701, 968564, '4228', 'Q6', 'qualidades_escs_1'),
(702, 968564, '4228', 'Q6', 'qualidades_escs_6'),
(703, 968564, '4228', 'Q6', 'qualidades_escs_12'),
(704, 218348, '513929', 'Q4', 'escolha_escs_2'),
(705, 218348, '513929', 'Q4', 'escolha_escs_5'),
(706, 218348, '513929', 'Q5', 'escolha_curso_2'),
(707, 218348, '513929', 'Q5', 'escolha_curso_4'),
(708, 218348, '513929', 'Q6', 'qualidades_escs_1'),
(709, 218348, '513929', 'Q6', 'qualidades_escs_6'),
(710, 218348, '513929', 'Q6', 'qualidades_escs_12'),
(711, 98970, '449473', 'Q4', 'escolha_escs_2'),
(712, 98970, '449473', 'Q4', 'escolha_escs_5'),
(713, 98970, '449473', 'Q5', 'escolha_curso_2'),
(714, 98970, '449473', 'Q5', 'escolha_curso_4'),
(715, 98970, '449473', 'Q6', 'qualidades_escs_1'),
(716, 98970, '449473', 'Q6', 'qualidades_escs_6'),
(717, 98970, '449473', 'Q6', 'qualidades_escs_12'),
(718, 475817, '179007', 'Q4', 'escolha_escs_2'),
(719, 475817, '179007', 'Q4', 'escolha_escs_5'),
(720, 475817, '179007', 'Q5', 'escolha_curso_2'),
(721, 475817, '179007', 'Q5', 'escolha_curso_4'),
(722, 475817, '179007', 'Q6', 'qualidades_escs_1'),
(723, 475817, '179007', 'Q6', 'qualidades_escs_6'),
(724, 475817, '179007', 'Q6', 'qualidades_escs_12'),
(725, 54140, '395922', 'Q4', 'escolha_escs_2'),
(726, 54140, '395922', 'Q4', 'escolha_escs_5'),
(727, 54140, '395922', 'Q5', 'escolha_curso_2'),
(728, 54140, '395922', 'Q5', 'escolha_curso_4'),
(729, 54140, '395922', 'Q6', 'qualidades_escs_1'),
(730, 54140, '395922', 'Q6', 'qualidades_escs_6'),
(731, 54140, '395922', 'Q6', 'qualidades_escs_12'),
(732, 357467, '167709', 'Q4', 'escolha_escs_1'),
(733, 357467, '167709', 'Q4', 'escolha_escs_2'),
(734, 357467, '167709', 'Q4', 'escolha_escs_3'),
(735, 357467, '167709', 'Q4', 'escolha_escs_5'),
(736, 357467, '167709', 'Q5', 'escolha_curso_1'),
(737, 357467, '167709', 'Q5', 'escolha_curso_2'),
(738, 357467, '167709', 'Q5', 'escolha_curso_4'),
(739, 357467, '167709', 'Q6', 'qualidades_escs_3'),
(740, 357467, '167709', 'Q6', 'qualidades_escs_6'),
(741, 357467, '167709', 'Q6', 'qualidades_escs_9'),
(742, 134617, '881688', 'Q4', 'escolha_escs_1'),
(743, 134617, '881688', 'Q4', 'escolha_escs_2'),
(744, 134617, '881688', 'Q4', 'escolha_escs_4'),
(745, 134617, '881688', 'Q5', 'escolha_curso_1'),
(746, 134617, '881688', 'Q5', 'escolha_curso_2'),
(747, 134617, '881688', 'Q5', 'escolha_curso_4'),
(748, 134617, '881688', 'Q6', 'qualidades_escs_2'),
(749, 134617, '881688', 'Q6', 'qualidades_escs_3'),
(750, 134617, '881688', 'Q6', 'qualidades_escs_7'),
(751, 495215, '479255', 'Q4', 'escolha_escs_2'),
(752, 495215, '479255', 'Q5', 'escolha_curso_2'),
(753, 495215, '479255', 'Q5', 'escolha_curso_4'),
(754, 495215, '479255', 'Q6', 'qualidades_escs_2'),
(755, 495215, '479255', 'Q6', 'qualidades_escs_10'),
(756, 495215, '479255', 'Q6', 'qualidades_escs_12'),
(757, 698109, '91060', 'Q4', 'escolha_escs_6'),
(758, 698109, '91060', 'Q5', 'escolha_curso_2'),
(759, 698109, '91060', 'Q5', 'escolha_curso_4'),
(760, 698109, '91060', 'Q6', 'qualidades_escs_1'),
(761, 698109, '91060', 'Q6', 'qualidades_escs_3'),
(762, 924587, '585394', 'Q4', 'escolha_escs_1'),
(763, 924587, '585394', 'Q4', 'escolha_escs_2'),
(764, 924587, '585394', 'Q5', 'escolha_curso_2'),
(765, 924587, '585394', 'Q5', 'escolha_curso_4'),
(766, 924587, '585394', 'Q6', 'qualidades_escs_1'),
(767, 924587, '585394', 'Q6', 'qualidades_escs_3'),
(768, 924587, '585394', 'Q6', 'qualidades_escs_10'),
(769, 808259, '391075', 'Q4', 'escolha_escs_1'),
(770, 808259, '391075', 'Q4', 'escolha_escs_2'),
(771, 808259, '391075', 'Q4', 'escolha_escs_4'),
(772, 808259, '391075', 'Q5', 'escolha_curso_1'),
(773, 808259, '391075', 'Q5', 'escolha_curso_2'),
(774, 808259, '391075', 'Q5', 'escolha_curso_3'),
(775, 808259, '391075', 'Q6', 'qualidades_escs_2'),
(776, 808259, '391075', 'Q6', 'qualidades_escs_3'),
(777, 808259, '391075', 'Q6', 'qualidades_escs_7'),
(778, 93176, '388303', 'Q4', 'escolha_escs_1'),
(779, 93176, '388303', 'Q4', 'escolha_escs_2'),
(780, 93176, '388303', 'Q4', 'escolha_escs_5'),
(781, 93176, '388303', 'Q5', 'escolha_curso_2'),
(782, 93176, '388303', 'Q5', 'escolha_curso_3'),
(783, 93176, '388303', 'Q5', 'escolha_curso_4'),
(784, 93176, '388303', 'Q6', 'qualidades_escs_3'),
(785, 93176, '388303', 'Q6', 'qualidades_escs_5'),
(786, 93176, '388303', 'Q6', 'qualidades_escs_12'),
(787, 679080, '577973', 'Q4', 'escolha_escs_6'),
(788, 679080, '577973', 'Q5', 'escolha_curso_2'),
(789, 679080, '577973', 'Q6', 'qualidades_escs_1'),
(790, 679080, '577973', 'Q6', 'qualidades_escs_5'),
(791, 679080, '577973', 'Q6', 'qualidades_escs_15'),
(792, 924751, '129822', 'Q4', 'escolha_escs_6'),
(793, 924751, '129822', 'Q5', 'escolha_curso_3'),
(794, 924751, '129822', 'Q6', 'qualidades_escs_9'),
(795, 924751, '129822', 'Q6', 'qualidades_escs_12'),
(796, 955495, '264725', 'Q4', 'escolha_escs_2'),
(797, 955495, '264725', 'Q5', 'escolha_curso_2'),
(798, 955495, '264725', 'Q5', 'escolha_curso_4'),
(799, 955495, '264725', 'Q6', 'qualidades_escs_1'),
(800, 955495, '264725', 'Q6', 'qualidades_escs_2'),
(801, 955495, '264725', 'Q6', 'qualidades_escs_7'),
(802, 135468, '585004', 'Q4', 'escolha_escs_1'),
(803, 135468, '585004', 'Q4', 'escolha_escs_2'),
(804, 135468, '585004', 'Q4', 'escolha_escs_3'),
(805, 135468, '585004', 'Q4', 'escolha_escs_5'),
(806, 135468, '585004', 'Q5', 'escolha_curso_1'),
(807, 135468, '585004', 'Q5', 'escolha_curso_3'),
(808, 135468, '585004', 'Q5', 'escolha_curso_4'),
(809, 135468, '585004', 'Q5', 'escolha_curso_5'),
(810, 135468, '585004', 'Q6', 'qualidades_escs_2'),
(811, 135468, '585004', 'Q6', 'qualidades_escs_9'),
(812, 135468, '585004', 'Q6', 'qualidades_escs_14'),
(813, 935943, '204737', 'Q4', 'escolha_escs_2'),
(814, 935943, '204737', 'Q5', 'escolha_curso_1'),
(815, 935943, '204737', 'Q5', 'escolha_curso_2'),
(816, 935943, '204737', 'Q6', 'qualidades_escs_2'),
(817, 935943, '204737', 'Q6', 'qualidades_escs_9'),
(818, 935943, '204737', 'Q6', 'qualidades_escs_10'),
(819, 710920, '231994', 'Q4', 'escolha_escs_6'),
(820, 710920, '231994', 'Q5', 'escolha_curso_2'),
(821, 710920, '231994', 'Q6', 'qualidades_escs_1'),
(822, 710920, '231994', 'Q6', 'qualidades_escs_3'),
(823, 710920, '231994', 'Q6', 'qualidades_escs_12'),
(824, 615722, '759487', 'Q4', 'escolha_escs_6'),
(825, 615722, '759487', 'Q5', 'escolha_curso_2'),
(826, 615722, '759487', 'Q5', 'escolha_curso_4'),
(827, 615722, '759487', 'Q6', 'qualidades_escs_1'),
(828, 615722, '759487', 'Q6', 'qualidades_escs_3'),
(829, 615722, '759487', 'Q6', 'qualidades_escs_12'),
(830, 75575, '279578', 'Q4', 'escolha_escs_2'),
(831, 75575, '279578', 'Q4', 'escolha_escs_5'),
(832, 75575, '279578', 'Q5', 'escolha_curso_1'),
(833, 75575, '279578', 'Q5', 'escolha_curso_2'),
(834, 75575, '279578', 'Q5', 'escolha_curso_4'),
(835, 75575, '279578', 'Q6', 'qualidades_escs_1'),
(836, 75575, '279578', 'Q6', 'qualidades_escs_2'),
(837, 75575, '279578', 'Q6', 'qualidades_escs_4'),
(838, 934858, '667284', 'Q4', 'escolha_escs_2'),
(839, 934858, '667284', 'Q5', 'escolha_curso_4'),
(840, 934858, '667284', 'Q6', 'qualidades_escs_1'),
(841, 934858, '667284', 'Q6', 'qualidades_escs_7'),
(842, 934858, '667284', 'Q6', 'qualidades_escs_9'),
(843, 162819, '989019', 'Q4', 'escolha_escs_1'),
(844, 162819, '989019', 'Q4', 'escolha_escs_2'),
(845, 162819, '989019', 'Q4', 'escolha_escs_3'),
(846, 162819, '989019', 'Q5', 'escolha_curso_1'),
(847, 162819, '989019', 'Q5', 'escolha_curso_2'),
(848, 162819, '989019', 'Q5', 'escolha_curso_4'),
(849, 162819, '989019', 'Q6', 'qualidades_escs_1'),
(850, 162819, '989019', 'Q6', 'qualidades_escs_5'),
(851, 162819, '989019', 'Q6', 'qualidades_escs_8'),
(852, 109174, '723402', 'Q4', 'escolha_escs_1'),
(853, 109174, '723402', 'Q4', 'escolha_escs_2'),
(854, 109174, '723402', 'Q5', 'escolha_curso_2'),
(855, 109174, '723402', 'Q5', 'escolha_curso_4'),
(856, 109174, '723402', 'Q6', 'qualidades_escs_1'),
(857, 109174, '723402', 'Q6', 'qualidades_escs_2'),
(858, 109174, '723402', 'Q6', 'qualidades_escs_6'),
(859, 637703, '743503', 'Q4', 'escolha_escs_6'),
(860, 637703, '743503', 'Q5', 'escolha_curso_7'),
(861, 637703, '743503', 'Q6', 'qualidades_escs_1'),
(862, 637703, '743503', 'Q6', 'qualidades_escs_7'),
(863, 637703, '743503', 'Q6', 'qualidades_escs_10'),
(864, 981537, '786403', 'Q4', 'escolha_escs_1'),
(865, 981537, '786403', 'Q5', 'escolha_curso_2'),
(866, 981537, '786403', 'Q5', 'escolha_curso_4'),
(867, 981537, '786403', 'Q6', 'qualidades_escs_1'),
(868, 981537, '786403', 'Q6', 'qualidades_escs_3'),
(869, 981537, '786403', 'Q6', 'qualidades_escs_6'),
(870, 418077, '188174', 'Q4', 'escolha_escs_1'),
(871, 418077, '188174', 'Q4', 'escolha_escs_2'),
(872, 418077, '188174', 'Q4', 'escolha_escs_4'),
(873, 418077, '188174', 'Q5', 'escolha_curso_1'),
(874, 418077, '188174', 'Q5', 'escolha_curso_2'),
(875, 418077, '188174', 'Q5', 'escolha_curso_4'),
(876, 418077, '188174', 'Q5', 'escolha_curso_5'),
(877, 418077, '188174', 'Q6', 'qualidades_escs_2'),
(878, 418077, '188174', 'Q6', 'qualidades_escs_7'),
(879, 418077, '188174', 'Q6', 'qualidades_escs_9'),
(880, 921574, '953887', 'Q4', 'escolha_escs_6'),
(881, 921574, '953887', 'Q5', 'escolha_curso_2'),
(882, 921574, '953887', 'Q5', 'escolha_curso_3'),
(883, 921574, '953887', 'Q5', 'escolha_curso_4'),
(884, 921574, '953887', 'Q6', 'qualidades_escs_2'),
(885, 921574, '953887', 'Q6', 'qualidades_escs_7'),
(886, 921574, '953887', 'Q6', 'qualidades_escs_10'),
(887, 10770, '647488', 'Q4', 'escolha_escs_1'),
(888, 10770, '647488', 'Q4', 'escolha_escs_2'),
(889, 10770, '647488', 'Q4', 'escolha_escs_3'),
(890, 10770, '647488', 'Q5', 'escolha_curso_1'),
(891, 10770, '647488', 'Q5', 'escolha_curso_2'),
(892, 10770, '647488', 'Q6', 'qualidades_escs_2'),
(893, 10770, '647488', 'Q6', 'qualidades_escs_10'),
(894, 10770, '647488', 'Q6', 'qualidades_escs_13'),
(895, 899572, '738711', 'Q4', 'escolha_escs_2'),
(896, 899572, '738711', 'Q4', 'escolha_escs_5'),
(897, 899572, '738711', 'Q5', 'escolha_curso_1'),
(898, 899572, '738711', 'Q5', 'escolha_curso_2'),
(899, 899572, '738711', 'Q5', 'escolha_curso_4'),
(900, 899572, '738711', 'Q6', 'qualidades_escs_3'),
(901, 899572, '738711', 'Q6', 'qualidades_escs_5'),
(902, 899572, '738711', 'Q6', 'qualidades_escs_9'),
(903, 96883, '255855', 'Q4', 'escolha_escs_2'),
(904, 96883, '255855', 'Q5', 'escolha_curso_2'),
(905, 96883, '255855', 'Q6', 'qualidades_escs_2'),
(906, 96883, '255855', 'Q6', 'qualidades_escs_7'),
(907, 96883, '255855', 'Q6', 'qualidades_escs_8'),
(908, 223576, '190300', 'Q4', 'escolha_escs_2'),
(909, 223576, '190300', 'Q5', 'escolha_curso_1'),
(910, 223576, '190300', 'Q5', 'escolha_curso_2'),
(911, 223576, '190300', 'Q5', 'escolha_curso_3'),
(912, 223576, '190300', 'Q5', 'escolha_curso_4'),
(913, 223576, '190300', 'Q6', 'qualidades_escs_1'),
(914, 223576, '190300', 'Q6', 'qualidades_escs_3'),
(915, 223576, '190300', 'Q6', 'qualidades_escs_10'),
(916, 67309, '771879', 'Q4', 'escolha_escs_2'),
(917, 67309, '771879', 'Q5', 'escolha_curso_1'),
(918, 67309, '771879', 'Q5', 'escolha_curso_2'),
(919, 67309, '771879', 'Q5', 'escolha_curso_3'),
(920, 67309, '771879', 'Q5', 'escolha_curso_4'),
(921, 67309, '771879', 'Q5', 'escolha_curso_5'),
(922, 67309, '771879', 'Q6', 'qualidades_escs_3'),
(923, 67309, '771879', 'Q6', 'qualidades_escs_7'),
(924, 67309, '771879', 'Q6', 'qualidades_escs_12'),
(925, 638277, '862534', 'Q4', 'escolha_escs_6'),
(926, 638277, '862534', 'Q5', 'escolha_curso_2'),
(927, 638277, '862534', 'Q6', 'qualidades_escs_6'),
(928, 406813, '299529', 'Q4', 'escolha_escs_1'),
(929, 406813, '299529', 'Q4', 'escolha_escs_2'),
(930, 406813, '299529', 'Q5', 'escolha_curso_2'),
(931, 406813, '299529', 'Q5', 'escolha_curso_6'),
(932, 406813, '299529', 'Q6', 'qualidades_escs_1'),
(933, 406813, '299529', 'Q6', 'qualidades_escs_6'),
(934, 406813, '299529', 'Q6', 'qualidades_escs_12'),
(935, 286134, '838478', 'Q4', 'escolha_escs_1'),
(936, 286134, '838478', 'Q4', 'escolha_escs_2'),
(937, 286134, '838478', 'Q5', 'escolha_curso_1'),
(938, 286134, '838478', 'Q5', 'escolha_curso_4'),
(939, 286134, '838478', 'Q5', 'escolha_curso_6'),
(940, 286134, '838478', 'Q6', 'qualidades_escs_6'),
(941, 286134, '838478', 'Q6', 'qualidades_escs_12'),
(942, 286134, '838478', 'Q6', 'qualidades_escs_19'),
(943, 446296, '237144', 'Q4', 'escolha_escs_1'),
(944, 446296, '237144', 'Q5', 'escolha_curso_1'),
(945, 446296, '237144', 'Q5', 'escolha_curso_2'),
(946, 446296, '237144', 'Q6', 'qualidades_escs_3'),
(947, 446296, '237144', 'Q6', 'qualidades_escs_6'),
(948, 446296, '237144', 'Q6', 'qualidades_escs_9'),
(949, 487648, '521121', 'Q4', 'escolha_escs_1'),
(950, 487648, '521121', 'Q4', 'escolha_escs_2'),
(951, 487648, '521121', 'Q5', 'escolha_curso_1'),
(952, 487648, '521121', 'Q5', 'escolha_curso_2'),
(953, 487648, '521121', 'Q5', 'escolha_curso_3'),
(954, 487648, '521121', 'Q6', 'qualidades_escs_1'),
(955, 487648, '521121', 'Q6', 'qualidades_escs_4'),
(956, 487648, '521121', 'Q6', 'qualidades_escs_6'),
(957, 163813, '790955', 'Q4', 'escolha_escs_2'),
(958, 163813, '790955', 'Q5', 'escolha_curso_2'),
(959, 163813, '790955', 'Q5', 'escolha_curso_4'),
(960, 163813, '790955', 'Q6', 'qualidades_escs_3'),
(961, 163813, '790955', 'Q6', 'qualidades_escs_5'),
(962, 163813, '790955', 'Q6', 'qualidades_escs_15'),
(963, 334596, '211883', 'Q4', 'escolha_escs_6'),
(964, 334596, '211883', 'Q5', 'escolha_curso_2'),
(965, 334596, '211883', 'Q6', 'qualidades_escs_2'),
(966, 334596, '211883', 'Q6', 'qualidades_escs_9'),
(967, 334596, '211883', 'Q6', 'qualidades_escs_17'),
(968, 582372, '108360', 'Q4', 'escolha_escs_1'),
(969, 582372, '108360', 'Q4', 'escolha_escs_2'),
(970, 582372, '108360', 'Q5', 'escolha_curso_1'),
(971, 582372, '108360', 'Q5', 'escolha_curso_3'),
(972, 582372, '108360', 'Q6', 'qualidades_escs_2'),
(973, 582372, '108360', 'Q6', 'qualidades_escs_6'),
(974, 582372, '108360', 'Q6', 'qualidades_escs_7'),
(975, 544810, '588855', 'Q4', 'escolha_escs_4'),
(976, 544810, '588855', 'Q4', 'escolha_escs_5'),
(977, 544810, '588855', 'Q5', 'escolha_curso_1'),
(978, 544810, '588855', 'Q5', 'escolha_curso_3'),
(979, 544810, '588855', 'Q5', 'escolha_curso_4'),
(980, 544810, '588855', 'Q6', 'qualidades_escs_7'),
(981, 544810, '588855', 'Q6', 'qualidades_escs_13'),
(982, 326315, '340892', 'Q4', 'escolha_escs_1'),
(983, 326315, '340892', 'Q4', 'escolha_escs_2'),
(984, 326315, '340892', 'Q4', 'escolha_escs_5'),
(985, 326315, '340892', 'Q5', 'escolha_curso_1'),
(986, 326315, '340892', 'Q5', 'escolha_curso_2'),
(987, 326315, '340892', 'Q5', 'escolha_curso_3'),
(988, 326315, '340892', 'Q5', 'escolha_curso_4'),
(989, 326315, '340892', 'Q6', 'qualidades_escs_2'),
(990, 326315, '340892', 'Q6', 'qualidades_escs_7'),
(991, 326315, '340892', 'Q6', 'qualidades_escs_19'),
(992, 950930, '74299', 'Q4', 'escolha_escs_6'),
(993, 950930, '74299', 'Q5', 'escolha_curso_2'),
(994, 950930, '74299', 'Q6', 'qualidades_escs_8'),
(995, 950930, '74299', 'Q6', 'qualidades_escs_9'),
(996, 950930, '74299', 'Q6', 'qualidades_escs_12'),
(997, 840895, '142000', 'Q4', 'escolha_escs_2'),
(998, 840895, '142000', 'Q4', 'escolha_escs_5'),
(999, 840895, '142000', 'Q5', 'escolha_curso_2'),
(1000, 840895, '142000', 'Q5', 'escolha_curso_4'),
(1001, 840895, '142000', 'Q6', 'qualidades_escs_3'),
(1002, 840895, '142000', 'Q6', 'qualidades_escs_5'),
(1003, 840895, '142000', 'Q6', 'qualidades_escs_7'),
(1004, 828228, '389232', 'Q4', 'escolha_escs_4'),
(1005, 828228, '389232', 'Q5', 'escolha_curso_2'),
(1006, 828228, '389232', 'Q6', 'qualidades_escs_3'),
(1007, 828228, '389232', 'Q6', 'qualidades_escs_7'),
(1008, 828228, '389232', 'Q6', 'qualidades_escs_9'),
(1009, 977863, '987379', 'Q4', 'escolha_escs_6'),
(1010, 977863, '987379', 'Q5', 'escolha_curso_4'),
(1011, 977863, '987379', 'Q6', 'qualidades_escs_8'),
(1012, 977863, '987379', 'Q6', 'qualidades_escs_9'),
(1013, 977863, '987379', 'Q6', 'qualidades_escs_19'),
(1014, 26284, '816766', 'Q4', 'escolha_escs_2'),
(1015, 26284, '816766', 'Q4', 'escolha_escs_5'),
(1016, 26284, '816766', 'Q5', 'escolha_curso_2'),
(1017, 26284, '816766', 'Q6', 'qualidades_escs_3'),
(1018, 26284, '816766', 'Q6', 'qualidades_escs_5'),
(1019, 26284, '816766', 'Q6', 'qualidades_escs_12'),
(1020, 734632, '669742', 'Q4', 'escolha_escs_2'),
(1021, 734632, '669742', 'Q5', 'escolha_curso_1'),
(1022, 734632, '669742', 'Q5', 'escolha_curso_2'),
(1023, 734632, '669742', 'Q6', 'qualidades_escs_1'),
(1024, 734632, '669742', 'Q6', 'qualidades_escs_2'),
(1025, 734632, '669742', 'Q6', 'qualidades_escs_10'),
(1026, 853961, '104730', 'Q4', 'escolha_escs_2'),
(1027, 853961, '104730', 'Q5', 'escolha_curso_2'),
(1028, 853961, '104730', 'Q6', 'qualidades_escs_1'),
(1029, 853961, '104730', 'Q6', 'qualidades_escs_2'),
(1030, 853961, '104730', 'Q6', 'qualidades_escs_9');
INSERT INTO `m_answer` (`m_answer_index`, `m_answer_id`, `user_id`, `question_id`, `answer_id`) VALUES
(1031, 919969, '636650', 'Q4', 'escolha_escs_6'),
(1032, 919969, '636650', 'Q5', 'escolha_curso_1'),
(1033, 919969, '636650', 'Q5', 'escolha_curso_2'),
(1034, 919969, '636650', 'Q5', 'escolha_curso_4'),
(1035, 919969, '636650', 'Q6', 'qualidades_escs_7'),
(1036, 919969, '636650', 'Q6', 'qualidades_escs_9'),
(1037, 919969, '636650', 'Q6', 'qualidades_escs_12'),
(1038, 871634, '522509', 'Q4', 'escolha_escs_6'),
(1039, 871634, '522509', 'Q5', 'escolha_curso_2'),
(1040, 871634, '522509', 'Q6', 'qualidades_escs_2'),
(1041, 871634, '522509', 'Q6', 'qualidades_escs_3'),
(1042, 871634, '522509', 'Q6', 'qualidades_escs_12'),
(1043, 744183, '451982', 'Q4', 'escolha_escs_2'),
(1044, 744183, '451982', 'Q5', 'escolha_curso_2'),
(1045, 744183, '451982', 'Q5', 'escolha_curso_4'),
(1046, 744183, '451982', 'Q6', 'qualidades_escs_2'),
(1047, 744183, '451982', 'Q6', 'qualidades_escs_3'),
(1048, 744183, '451982', 'Q6', 'qualidades_escs_10'),
(1049, 711951, '568495', 'Q4', 'escolha_escs_6'),
(1050, 711951, '568495', 'Q5', 'escolha_curso_7'),
(1051, 711951, '568495', 'Q6', 'qualidades_escs_6'),
(1052, 711951, '568495', 'Q6', 'qualidades_escs_12'),
(1053, 113034, '510115', 'Q4', 'escolha_escs_6'),
(1054, 113034, '510115', 'Q5', 'escolha_curso_2'),
(1055, 113034, '510115', 'Q5', 'escolha_curso_4'),
(1056, 113034, '510115', 'Q6', 'qualidades_escs_1'),
(1057, 113034, '510115', 'Q6', 'qualidades_escs_3'),
(1058, 113034, '510115', 'Q6', 'qualidades_escs_12'),
(1059, 831753, '226346', 'Q4', 'escolha_escs_2'),
(1060, 831753, '226346', 'Q5', 'escolha_curso_2'),
(1061, 831753, '226346', 'Q6', 'qualidades_escs_2'),
(1062, 831753, '226346', 'Q6', 'qualidades_escs_6'),
(1063, 831753, '226346', 'Q6', 'qualidades_escs_10'),
(1064, 809601, '720599', 'Q4', 'escolha_escs_1'),
(1065, 809601, '720599', 'Q4', 'escolha_escs_2'),
(1066, 809601, '720599', 'Q4', 'escolha_escs_5'),
(1067, 809601, '720599', 'Q5', 'escolha_curso_2'),
(1068, 809601, '720599', 'Q5', 'escolha_curso_4'),
(1069, 809601, '720599', 'Q6', 'qualidades_escs_1'),
(1070, 809601, '720599', 'Q6', 'qualidades_escs_6'),
(1071, 809601, '720599', 'Q6', 'qualidades_escs_9'),
(1072, 335398, '35124', 'Q4', 'escolha_escs_1'),
(1073, 335398, '35124', 'Q4', 'escolha_escs_2'),
(1074, 335398, '35124', 'Q5', 'escolha_curso_1'),
(1075, 335398, '35124', 'Q5', 'escolha_curso_4'),
(1076, 335398, '35124', 'Q5', 'escolha_curso_6'),
(1077, 335398, '35124', 'Q6', 'qualidades_escs_1'),
(1078, 335398, '35124', 'Q6', 'qualidades_escs_6'),
(1079, 5841, '19359', 'Q4', 'escolha_escs_2'),
(1080, 5841, '19359', 'Q4', 'escolha_escs_4'),
(1081, 5841, '19359', 'Q5', 'escolha_curso_2'),
(1082, 5841, '19359', 'Q5', 'escolha_curso_4'),
(1083, 5841, '19359', 'Q6', 'qualidades_escs_5'),
(1084, 5841, '19359', 'Q6', 'qualidades_escs_6'),
(1085, 436954, '897127', 'Q4', 'escolha_escs_3'),
(1086, 436954, '897127', 'Q5', 'escolha_curso_5'),
(1087, 436954, '897127', 'Q5', 'escolha_curso_6'),
(1088, 436954, '897127', 'Q6', 'qualidades_escs_6'),
(1089, 436954, '897127', 'Q6', 'qualidades_escs_18'),
(1090, 436954, '897127', 'Q6', 'qualidades_escs_19'),
(1091, 17665, '866844', 'Q4', 'escolha_escs_3'),
(1092, 17665, '866844', 'Q5', 'escolha_curso_5'),
(1093, 17665, '866844', 'Q5', 'escolha_curso_6'),
(1094, 17665, '866844', 'Q6', 'qualidades_escs_6'),
(1095, 17665, '866844', 'Q6', 'qualidades_escs_18'),
(1096, 17665, '866844', 'Q6', 'qualidades_escs_19'),
(1097, 648014, '284474', 'Q4', 'escolha_escs_6'),
(1098, 648014, '284474', 'Q5', 'escolha_curso_2'),
(1099, 648014, '284474', 'Q5', 'escolha_curso_3'),
(1100, 648014, '284474', 'Q5', 'escolha_curso_4'),
(1101, 648014, '284474', 'Q6', 'qualidades_escs_2'),
(1102, 648014, '284474', 'Q6', 'qualidades_escs_3'),
(1103, 648014, '284474', 'Q6', 'qualidades_escs_12'),
(1104, 814159, '665762', 'Q4', 'escolha_escs_1'),
(1105, 814159, '665762', 'Q4', 'escolha_escs_2'),
(1106, 814159, '665762', 'Q4', 'escolha_escs_5'),
(1107, 814159, '665762', 'Q5', 'escolha_curso_1'),
(1108, 814159, '665762', 'Q5', 'escolha_curso_2'),
(1109, 814159, '665762', 'Q5', 'escolha_curso_3'),
(1110, 814159, '665762', 'Q5', 'escolha_curso_4'),
(1111, 814159, '665762', 'Q5', 'escolha_curso_5'),
(1112, 814159, '665762', 'Q6', 'qualidades_escs_1'),
(1113, 814159, '665762', 'Q6', 'qualidades_escs_2'),
(1114, 814159, '665762', 'Q6', 'qualidades_escs_9'),
(1115, 691981, '399724', 'Q4', 'escolha_escs_1'),
(1116, 691981, '399724', 'Q4', 'escolha_escs_2'),
(1117, 691981, '399724', 'Q5', 'escolha_curso_2'),
(1118, 691981, '399724', 'Q5', 'escolha_curso_4'),
(1119, 691981, '399724', 'Q6', 'qualidades_escs_1'),
(1120, 691981, '399724', 'Q6', 'qualidades_escs_6'),
(1121, 691981, '399724', 'Q6', 'qualidades_escs_12'),
(1122, 364062, '290878', 'Q4', 'escolha_escs_6'),
(1123, 364062, '290878', 'Q5', 'escolha_curso_1'),
(1124, 364062, '290878', 'Q5', 'escolha_curso_2'),
(1125, 364062, '290878', 'Q5', 'escolha_curso_4'),
(1126, 364062, '290878', 'Q5', 'escolha_curso_5'),
(1127, 364062, '290878', 'Q6', 'qualidades_escs_5'),
(1128, 364062, '290878', 'Q6', 'qualidades_escs_7'),
(1129, 364062, '290878', 'Q6', 'qualidades_escs_12'),
(1130, 375999, '329369', 'Q4', 'escolha_escs_6'),
(1131, 375999, '329369', 'Q5', 'escolha_curso_1'),
(1132, 375999, '329369', 'Q5', 'escolha_curso_2'),
(1133, 375999, '329369', 'Q5', 'escolha_curso_4'),
(1134, 375999, '329369', 'Q6', 'qualidades_escs_1'),
(1135, 375999, '329369', 'Q6', 'qualidades_escs_5'),
(1136, 375999, '329369', 'Q6', 'qualidades_escs_10'),
(1137, 503050, '423292', 'Q4', 'escolha_escs_2'),
(1138, 503050, '423292', 'Q5', 'escolha_curso_2'),
(1139, 503050, '423292', 'Q6', 'qualidades_escs_1'),
(1140, 503050, '423292', 'Q6', 'qualidades_escs_3'),
(1141, 503050, '423292', 'Q6', 'qualidades_escs_6'),
(1142, 641937, '776756', 'Q4', 'escolha_escs_2'),
(1143, 641937, '776756', 'Q4', 'escolha_escs_5'),
(1144, 641937, '776756', 'Q5', 'escolha_curso_1'),
(1145, 641937, '776756', 'Q5', 'escolha_curso_2'),
(1146, 641937, '776756', 'Q5', 'escolha_curso_4'),
(1147, 641937, '776756', 'Q6', 'qualidades_escs_1'),
(1148, 641937, '776756', 'Q6', 'qualidades_escs_10'),
(1149, 641937, '776756', 'Q6', 'qualidades_escs_12'),
(1150, 952503, '475766', 'Q4', 'escolha_escs_6'),
(1151, 952503, '475766', 'Q5', 'escolha_curso_2'),
(1152, 952503, '475766', 'Q6', 'qualidades_escs_1'),
(1153, 952503, '475766', 'Q6', 'qualidades_escs_17'),
(1154, 952503, '475766', 'Q6', 'qualidades_escs_18'),
(1155, 654700, '407381', 'Q4', 'escolha_escs_2'),
(1156, 654700, '407381', 'Q5', 'escolha_curso_1'),
(1157, 654700, '407381', 'Q5', 'escolha_curso_2'),
(1158, 654700, '407381', 'Q6', 'qualidades_escs_5'),
(1159, 654700, '407381', 'Q6', 'qualidades_escs_9'),
(1160, 654700, '407381', 'Q6', 'qualidades_escs_12'),
(1161, 529559, '351594', 'Q6', 'qualidades_escs_1'),
(1162, 529559, '351594', 'Q6', 'qualidades_escs_3'),
(1163, 529559, '351594', 'Q6', 'qualidades_escs_10'),
(1164, 703192, '946355', 'Q4', 'escolha_escs_2'),
(1165, 703192, '946355', 'Q4', 'escolha_escs_4'),
(1166, 703192, '946355', 'Q4', 'escolha_escs_5'),
(1167, 703192, '946355', 'Q5', 'escolha_curso_1'),
(1168, 703192, '946355', 'Q5', 'escolha_curso_2'),
(1169, 703192, '946355', 'Q5', 'escolha_curso_3'),
(1170, 703192, '946355', 'Q5', 'escolha_curso_4'),
(1171, 703192, '946355', 'Q6', 'qualidades_escs_1'),
(1172, 703192, '946355', 'Q6', 'qualidades_escs_2'),
(1173, 703192, '946355', 'Q6', 'qualidades_escs_12'),
(1174, 303575, '186597', 'Q4', 'escolha_escs_4'),
(1175, 303575, '186597', 'Q5', 'escolha_curso_2'),
(1176, 303575, '186597', 'Q6', 'qualidades_escs_1'),
(1177, 303575, '186597', 'Q6', 'qualidades_escs_7'),
(1178, 303575, '186597', 'Q6', 'qualidades_escs_9'),
(1179, 63450, '290335', 'Q4', 'escolha_escs_6'),
(1180, 63450, '290335', 'Q5', 'escolha_curso_7'),
(1181, 63450, '290335', 'Q6', 'qualidades_escs_2'),
(1182, 63450, '290335', 'Q6', 'qualidades_escs_5'),
(1183, 63450, '290335', 'Q6', 'qualidades_escs_12'),
(1184, 398873, '780699', 'Q4', 'escolha_escs_1'),
(1185, 398873, '780699', 'Q5', 'escolha_curso_2'),
(1186, 398873, '780699', 'Q6', 'qualidades_escs_1'),
(1187, 398873, '780699', 'Q6', 'qualidades_escs_2'),
(1188, 398873, '780699', 'Q6', 'qualidades_escs_12'),
(1189, 306378, '522288', 'Q4', 'escolha_escs_6'),
(1190, 306378, '522288', 'Q5', 'escolha_curso_5'),
(1191, 306378, '522288', 'Q5', 'escolha_curso_6'),
(1192, 306378, '522288', 'Q6', 'qualidades_escs_6'),
(1193, 306378, '522288', 'Q6', 'qualidades_escs_12'),
(1194, 306378, '522288', 'Q6', 'qualidades_escs_14'),
(1195, 373353, '2510', 'Q4', 'escolha_escs_1'),
(1196, 373353, '2510', 'Q4', 'escolha_escs_3'),
(1197, 373353, '2510', 'Q4', 'escolha_escs_4'),
(1198, 373353, '2510', 'Q5', 'escolha_curso_2'),
(1199, 373353, '2510', 'Q5', 'escolha_curso_4'),
(1200, 373353, '2510', 'Q6', 'qualidades_escs_2'),
(1201, 373353, '2510', 'Q6', 'qualidades_escs_3'),
(1202, 373353, '2510', 'Q6', 'qualidades_escs_9'),
(1203, 235526, '807224', 'Q4', 'escolha_escs_1'),
(1204, 235526, '807224', 'Q4', 'escolha_escs_2'),
(1205, 235526, '807224', 'Q4', 'escolha_escs_5'),
(1206, 235526, '807224', 'Q5', 'escolha_curso_1'),
(1207, 235526, '807224', 'Q5', 'escolha_curso_2'),
(1208, 235526, '807224', 'Q5', 'escolha_curso_3'),
(1209, 235526, '807224', 'Q5', 'escolha_curso_4'),
(1210, 235526, '807224', 'Q6', 'qualidades_escs_1'),
(1211, 235526, '807224', 'Q6', 'qualidades_escs_2'),
(1212, 235526, '807224', 'Q6', 'qualidades_escs_10'),
(1213, 799575, '718631', 'Q4', 'escolha_escs_6'),
(1214, 799575, '718631', 'Q5', 'escolha_curso_2'),
(1215, 799575, '718631', 'Q6', 'qualidades_escs_2'),
(1216, 799575, '718631', 'Q6', 'qualidades_escs_3'),
(1217, 799575, '718631', 'Q6', 'qualidades_escs_12'),
(1218, 467953, '890423', 'Q4', 'escolha_escs_6'),
(1219, 467953, '890423', 'Q5', 'escolha_curso_1'),
(1220, 467953, '890423', 'Q5', 'escolha_curso_2'),
(1221, 467953, '890423', 'Q5', 'escolha_curso_3'),
(1222, 467953, '890423', 'Q5', 'escolha_curso_4'),
(1223, 467953, '890423', 'Q6', 'qualidades_escs_1'),
(1224, 467953, '890423', 'Q6', 'qualidades_escs_2'),
(1225, 467953, '890423', 'Q6', 'qualidades_escs_12'),
(1226, 833160, '64158', 'Q4', 'escolha_escs_2'),
(1227, 833160, '64158', 'Q4', 'escolha_escs_5'),
(1228, 833160, '64158', 'Q5', 'escolha_curso_1'),
(1229, 833160, '64158', 'Q5', 'escolha_curso_2'),
(1230, 833160, '64158', 'Q5', 'escolha_curso_3'),
(1231, 833160, '64158', 'Q5', 'escolha_curso_4'),
(1232, 833160, '64158', 'Q6', 'qualidades_escs_7'),
(1233, 833160, '64158', 'Q6', 'qualidades_escs_10'),
(1234, 833160, '64158', 'Q6', 'qualidades_escs_12'),
(1235, 947529, '158', 'Q4', 'escolha_escs_2'),
(1236, 947529, '158', 'Q4', 'escolha_escs_4'),
(1237, 947529, '158', 'Q5', 'escolha_curso_2'),
(1238, 947529, '158', 'Q5', 'escolha_curso_4'),
(1239, 947529, '158', 'Q6', 'qualidades_escs_3'),
(1240, 947529, '158', 'Q6', 'qualidades_escs_9'),
(1241, 947529, '158', 'Q6', 'qualidades_escs_10'),
(1242, 934597, '613948', 'Q4', 'escolha_escs_1'),
(1243, 934597, '613948', 'Q4', 'escolha_escs_2'),
(1244, 934597, '613948', 'Q4', 'escolha_escs_5'),
(1245, 934597, '613948', 'Q5', 'escolha_curso_1'),
(1246, 934597, '613948', 'Q5', 'escolha_curso_2'),
(1247, 934597, '613948', 'Q5', 'escolha_curso_3'),
(1248, 934597, '613948', 'Q5', 'escolha_curso_4'),
(1249, 934597, '613948', 'Q6', 'qualidades_escs_7'),
(1250, 934597, '613948', 'Q6', 'qualidades_escs_10'),
(1251, 934597, '613948', 'Q6', 'qualidades_escs_12'),
(1252, 99291, '689122', 'Q4', 'escolha_escs_6'),
(1253, 99291, '689122', 'Q5', 'escolha_curso_1'),
(1254, 99291, '689122', 'Q5', 'escolha_curso_2'),
(1255, 99291, '689122', 'Q5', 'escolha_curso_4'),
(1256, 99291, '689122', 'Q6', 'qualidades_escs_1'),
(1257, 99291, '689122', 'Q6', 'qualidades_escs_2'),
(1258, 99291, '689122', 'Q6', 'qualidades_escs_3'),
(1259, 392220, '373423', 'Q4', 'escolha_escs_1'),
(1260, 392220, '373423', 'Q5', 'escolha_curso_2'),
(1261, 392220, '373423', 'Q6', 'qualidades_escs_2'),
(1262, 392220, '373423', 'Q6', 'qualidades_escs_3'),
(1263, 614484, '324329', 'Q4', 'escolha_escs_4'),
(1264, 614484, '324329', 'Q4', 'escolha_escs_5'),
(1265, 614484, '324329', 'Q5', 'escolha_curso_1'),
(1266, 614484, '324329', 'Q5', 'escolha_curso_2'),
(1267, 614484, '324329', 'Q5', 'escolha_curso_5'),
(1268, 614484, '324329', 'Q6', 'qualidades_escs_6'),
(1269, 614484, '324329', 'Q6', 'qualidades_escs_10'),
(1270, 614484, '324329', 'Q6', 'qualidades_escs_13'),
(1271, 514528, '503697', 'Q4', 'escolha_escs_1'),
(1272, 514528, '503697', 'Q4', 'escolha_escs_2'),
(1273, 514528, '503697', 'Q5', 'escolha_curso_2'),
(1274, 514528, '503697', 'Q5', 'escolha_curso_4'),
(1275, 514528, '503697', 'Q5', 'escolha_curso_6'),
(1276, 514528, '503697', 'Q6', 'qualidades_escs_1'),
(1277, 514528, '503697', 'Q6', 'qualidades_escs_2'),
(1278, 514528, '503697', 'Q6', 'qualidades_escs_6'),
(1279, 756305, '76431', 'Q4', 'escolha_escs_1'),
(1280, 756305, '76431', 'Q4', 'escolha_escs_2'),
(1281, 756305, '76431', 'Q5', 'escolha_curso_2'),
(1282, 756305, '76431', 'Q5', 'escolha_curso_4'),
(1283, 756305, '76431', 'Q6', 'qualidades_escs_1'),
(1284, 756305, '76431', 'Q6', 'qualidades_escs_5'),
(1285, 756305, '76431', 'Q6', 'qualidades_escs_13'),
(1286, 719988, '822892', 'Q4', 'escolha_escs_2'),
(1287, 719988, '822892', 'Q5', 'escolha_curso_2'),
(1288, 719988, '822892', 'Q5', 'escolha_curso_4'),
(1289, 719988, '822892', 'Q6', 'qualidades_escs_1'),
(1290, 719988, '822892', 'Q6', 'qualidades_escs_3'),
(1291, 719988, '822892', 'Q6', 'qualidades_escs_6'),
(1292, 745185, '551561', 'Q4', 'escolha_escs_1'),
(1293, 745185, '551561', 'Q4', 'escolha_escs_2'),
(1294, 745185, '551561', 'Q4', 'escolha_escs_5'),
(1295, 745185, '551561', 'Q5', 'escolha_curso_1'),
(1296, 745185, '551561', 'Q5', 'escolha_curso_2'),
(1297, 745185, '551561', 'Q5', 'escolha_curso_3'),
(1298, 745185, '551561', 'Q5', 'escolha_curso_4'),
(1299, 745185, '551561', 'Q6', 'qualidades_escs_1'),
(1300, 745185, '551561', 'Q6', 'qualidades_escs_2'),
(1301, 745185, '551561', 'Q6', 'qualidades_escs_12'),
(1302, 790105, '746137', 'Q4', 'escolha_escs_6'),
(1303, 790105, '746137', 'Q5', 'escolha_curso_7'),
(1304, 790105, '746137', 'Q6', 'qualidades_escs_7'),
(1305, 790105, '746137', 'Q6', 'qualidades_escs_10'),
(1306, 790105, '746137', 'Q6', 'qualidades_escs_19'),
(1307, 891983, '640314', 'Q4', 'escolha_escs_6'),
(1308, 891983, '640314', 'Q5', 'escolha_curso_2'),
(1309, 891983, '640314', 'Q5', 'escolha_curso_4'),
(1310, 891983, '640314', 'Q6', 'qualidades_escs_2'),
(1311, 891983, '640314', 'Q6', 'qualidades_escs_7'),
(1312, 891983, '640314', 'Q6', 'qualidades_escs_9'),
(1313, 896331, '368834', 'Q4', 'escolha_escs_6'),
(1314, 896331, '368834', 'Q5', 'escolha_curso_2'),
(1315, 896331, '368834', 'Q5', 'escolha_curso_4'),
(1316, 896331, '368834', 'Q6', 'qualidades_escs_7'),
(1317, 896331, '368834', 'Q6', 'qualidades_escs_9'),
(1318, 896331, '368834', 'Q6', 'qualidades_escs_10'),
(1319, 415141, '29875', 'Q4', 'escolha_escs_6'),
(1320, 415141, '29875', 'Q5', 'escolha_curso_2'),
(1321, 415141, '29875', 'Q5', 'escolha_curso_4'),
(1322, 415141, '29875', 'Q6', 'qualidades_escs_1'),
(1323, 415141, '29875', 'Q6', 'qualidades_escs_3'),
(1324, 415141, '29875', 'Q6', 'qualidades_escs_10'),
(1325, 76764, '506254', 'Q4', 'escolha_escs_6'),
(1326, 76764, '506254', 'Q5', 'escolha_curso_1'),
(1327, 76764, '506254', 'Q5', 'escolha_curso_2'),
(1328, 76764, '506254', 'Q6', 'qualidades_escs_2'),
(1329, 76764, '506254', 'Q6', 'qualidades_escs_7'),
(1330, 76764, '506254', 'Q6', 'qualidades_escs_8'),
(1331, 34354, '924973', 'Q4', 'escolha_escs_6'),
(1332, 34354, '924973', 'Q5', 'escolha_curso_2'),
(1333, 34354, '924973', 'Q6', 'qualidades_escs_1'),
(1334, 34354, '924973', 'Q6', 'qualidades_escs_6'),
(1335, 34354, '924973', 'Q6', 'qualidades_escs_7'),
(1336, 180498, '245625', 'Q4', 'escolha_escs_2'),
(1337, 180498, '245625', 'Q5', 'escolha_curso_1'),
(1338, 180498, '245625', 'Q6', 'qualidades_escs_1'),
(1339, 180498, '245625', 'Q6', 'qualidades_escs_5'),
(1340, 180498, '245625', 'Q6', 'qualidades_escs_7'),
(1341, 881323, '865541', 'Q4', 'escolha_escs_2'),
(1342, 881323, '865541', 'Q5', 'escolha_curso_1'),
(1343, 881323, '865541', 'Q6', 'qualidades_escs_1'),
(1344, 881323, '865541', 'Q6', 'qualidades_escs_5'),
(1345, 881323, '865541', 'Q6', 'qualidades_escs_7'),
(1346, 205109, '865880', 'Q4', 'escolha_escs_6'),
(1347, 205109, '865880', 'Q6', 'qualidades_escs_3'),
(1348, 205109, '865880', 'Q6', 'qualidades_escs_10'),
(1349, 205109, '865880', 'Q6', 'qualidades_escs_12'),
(1350, 901398, '4094', 'Q4', 'escolha_escs_5'),
(1351, 901398, '4094', 'Q5', 'escolha_curso_1'),
(1352, 901398, '4094', 'Q6', 'qualidades_escs_2'),
(1353, 901398, '4094', 'Q6', 'qualidades_escs_7'),
(1354, 901398, '4094', 'Q6', 'qualidades_escs_10'),
(1355, 490456, '741835', 'Q4', 'escolha_escs_1'),
(1356, 490456, '741835', 'Q4', 'escolha_escs_2'),
(1357, 490456, '741835', 'Q4', 'escolha_escs_4'),
(1358, 490456, '741835', 'Q4', 'escolha_escs_5'),
(1359, 490456, '741835', 'Q5', 'escolha_curso_1'),
(1360, 490456, '741835', 'Q5', 'escolha_curso_2'),
(1361, 490456, '741835', 'Q5', 'escolha_curso_4'),
(1362, 490456, '741835', 'Q6', 'qualidades_escs_2'),
(1363, 490456, '741835', 'Q6', 'qualidades_escs_3'),
(1364, 490456, '741835', 'Q6', 'qualidades_escs_4'),
(1365, 662112, '771229', 'Q4', 'escolha_escs_1'),
(1366, 662112, '771229', 'Q4', 'escolha_escs_2'),
(1367, 662112, '771229', 'Q4', 'escolha_escs_3'),
(1368, 662112, '771229', 'Q4', 'escolha_escs_4'),
(1369, 662112, '771229', 'Q4', 'escolha_escs_5'),
(1370, 662112, '771229', 'Q5', 'escolha_curso_2'),
(1371, 662112, '771229', 'Q5', 'escolha_curso_4'),
(1372, 662112, '771229', 'Q5', 'escolha_curso_5'),
(1373, 662112, '771229', 'Q6', 'qualidades_escs_2'),
(1374, 662112, '771229', 'Q6', 'qualidades_escs_3'),
(1375, 662112, '771229', 'Q6', 'qualidades_escs_9'),
(1376, 571003, '519750', 'Q4', 'escolha_escs_4'),
(1377, 571003, '519750', 'Q5', 'escolha_curso_2'),
(1378, 571003, '519750', 'Q5', 'escolha_curso_4'),
(1379, 571003, '519750', 'Q6', 'qualidades_escs_2'),
(1380, 571003, '519750', 'Q6', 'qualidades_escs_7'),
(1381, 571003, '519750', 'Q6', 'qualidades_escs_8'),
(1382, 941520, '468929', 'Q4', 'escolha_escs_6'),
(1383, 941520, '468929', 'Q5', 'escolha_curso_2'),
(1384, 941520, '468929', 'Q5', 'escolha_curso_4'),
(1385, 941520, '468929', 'Q6', 'qualidades_escs_2'),
(1386, 941520, '468929', 'Q6', 'qualidades_escs_6'),
(1387, 941520, '468929', 'Q6', 'qualidades_escs_9'),
(1388, 177756, '730012', 'Q4', 'escolha_escs_1'),
(1389, 177756, '730012', 'Q4', 'escolha_escs_3'),
(1390, 177756, '730012', 'Q4', 'escolha_escs_5'),
(1391, 177756, '730012', 'Q5', 'escolha_curso_4'),
(1392, 177756, '730012', 'Q5', 'escolha_curso_6'),
(1393, 177756, '730012', 'Q6', 'qualidades_escs_3'),
(1394, 177756, '730012', 'Q6', 'qualidades_escs_5'),
(1395, 177756, '730012', 'Q6', 'qualidades_escs_12'),
(1396, 689522, '958219', 'Q4', 'escolha_escs_2'),
(1397, 689522, '958219', 'Q4', 'escolha_escs_5'),
(1398, 689522, '958219', 'Q5', 'escolha_curso_7'),
(1399, 689522, '958219', 'Q6', 'qualidades_escs_1'),
(1400, 689522, '958219', 'Q6', 'qualidades_escs_6'),
(1401, 689522, '958219', 'Q6', 'qualidades_escs_17'),
(1402, 346362, '730657', 'Q4', 'escolha_escs_6'),
(1403, 346362, '730657', 'Q5', 'escolha_curso_7'),
(1404, 346362, '730657', 'Q6', 'qualidades_escs_1'),
(1405, 346362, '730657', 'Q6', 'qualidades_escs_6'),
(1406, 346362, '730657', 'Q6', 'qualidades_escs_10');

-- --------------------------------------------------------

--
-- Estrutura da tabela `question_list`
--

CREATE TABLE `question_list` (
  `question_id` varchar(2) CHARACTER SET latin1 NOT NULL,
  `question_text` text CHARACTER SET latin1 NOT NULL
) ENGINE=InnoDB DEFAULT CHARSET=utf8 COLLATE=utf8_bin;

--
-- Extraindo dados da tabela `question_list`
--

INSERT INTO `question_list` (`question_id`, `question_text`) VALUES
('Q1', 'Q1'),
('Q2', 'Q2'),
('Q3', 'Q3'),
('Q4', 'Q4'),
('Q5', 'Q5'),
('Q6', 'Q6');

--
-- Indexes for dumped tables
--

--
-- Indexes for table `answer_list`
--
ALTER TABLE `answer_list`
  ADD PRIMARY KEY (`answer_id`),
  ADD KEY `answer_index` (`answer_index`),
  ADD KEY `answer_list_idx_id` (`question_id`);

--
-- Indexes for table `form_records`
--
ALTER TABLE `form_records`
  ADD PRIMARY KEY (`record_index`);

--
-- Indexes for table `m_answer`
--
ALTER TABLE `m_answer`
  ADD PRIMARY KEY (`m_answer_index`);

--
-- Indexes for table `question_list`
--
ALTER TABLE `question_list`
  ADD PRIMARY KEY (`question_id`);

--
-- AUTO_INCREMENT for dumped tables
--

--
-- AUTO_INCREMENT for table `answer_list`
--
ALTER TABLE `answer_list`
  MODIFY `answer_index` int(11) NOT NULL AUTO_INCREMENT, AUTO_INCREMENT=47;

--
-- AUTO_INCREMENT for table `form_records`
--
ALTER TABLE `form_records`
  MODIFY `record_index` int(11) NOT NULL AUTO_INCREMENT, AUTO_INCREMENT=214;

--
-- AUTO_INCREMENT for table `m_answer`
--
ALTER TABLE `m_answer`
  MODIFY `m_answer_index` int(11) NOT NULL AUTO_INCREMENT, AUTO_INCREMENT=1407;

--
-- Constraints for dumped tables
--

--
-- Limitadores para a tabela `answer_list`
--
ALTER TABLE `answer_list`
  ADD CONSTRAINT `answer_list_ibfk_1` FOREIGN KEY (`question_id`) REFERENCES `question_list` (`question_id`);
COMMIT;

/*!40101 SET CHARACTER_SET_CLIENT=@OLD_CHARACTER_SET_CLIENT */;
/*!40101 SET CHARACTER_SET_RESULTS=@OLD_CHARACTER_SET_RESULTS */;
/*!40101 SET COLLATION_CONNECTION=@OLD_COLLATION_CONNECTION */;
